,workerid,n_annotations,n_contradictions,n_fails,contradiction_annotation_ratio,fail_annotation_ratio,average_time_question,"('afforded_unusual', 'unusual')","('typical_of_property', 'unusual')","('implied_category', 'unusual')","('affording_activity', 'unusual')","('typical_of_concept', 'unusual')","('afforded_usual', 'unusual')","('impossible', 'typical_of_concept')","('impossible', 'typical_of_property')","('implied_category', 'impossible')","('affording_activity', 'impossible')","('afforded_unusual', 'impossible')","('afforded_usual', 'impossible')","('implied_category', 'rare')","('rare', 'typical_of_concept')","('affording_activity', 'rare')","('rare', 'typical_of_property')"
426,5d76a2dc2a476a0001ce6843,75,45,1,0.6,0.013333333333333334,15.823026666666667,,3.0,5.0,4.0,5.0,,3.0,2.0,3.0,2.0,,,5.0,5.0,5.0,3.0
241,5c91321c0375460001034cb8,71,38,0,0.5352112676056338,0.0,12.94212676056338,2.0,6.0,6.0,1.0,6.0,1.0,5.0,5.0,4.0,1.0,1.0,,,,,
15,5dc0395f2a1dd64710661ccd,71,33,0,0.4647887323943662,0.0,3.7451126760563382,4.0,5.0,5.0,2.0,5.0,1.0,3.0,2.0,3.0,1.0,1.0,1.0,,,,
420,5e76ab49dec4562243b421f9,79,35,2,0.4430379746835443,0.02531645569620253,17.116886075949367,,3.0,2.0,4.0,4.0,,3.0,1.0,2.0,3.0,,,2.0,4.0,4.0,3.0
192,5d4434c68225f9001642fcd3,71,30,0,0.4225352112676056,0.0,5.209535211267606,1.0,4.0,4.0,4.0,4.0,,3.0,3.0,3.0,3.0,1.0,,,,,
187,5de8dc07f42a16000a301cd6,78,31,0,0.3974358974358974,0.0,4.965807692307693,2.0,5.0,5.0,2.0,4.0,1.0,3.0,3.0,3.0,1.0,1.0,1.0,,,,
71,599aca876b939900012da2cd,71,27,0,0.38028169014084506,0.0,19.589309859154927,1.0,6.0,7.0,6.0,6.0,1.0,,,,,,,,,,
16,5ddc56fbf290e7bbfa96481d,71,27,0,0.38028169014084506,0.0,11.51512676056338,5.0,3.0,6.0,1.0,4.0,3.0,,,2.0,,2.0,1.0,,,,
150,banking,75,26,0,0.3466666666666667,0.0,0.0,1.0,3.0,2.0,1.0,3.0,1.0,4.0,4.0,2.0,,2.0,3.0,,,,
387,5c8d3f8bf756d40016683868,76,25,0,0.32894736842105265,0.0,12.950526315789475,,3.0,6.0,1.0,4.0,,,1.0,2.0,1.0,,,3.0,2.0,,2.0
110,5cd94cb10196990019dbcb09,78,25,0,0.32051282051282054,0.0,5.271884615384615,,6.0,7.0,2.0,6.0,,1.0,1.0,2.0,,,,,,,
362,5e71fc448ebe4211e668e71f,72,23,1,0.3194444444444444,0.013888888888888888,7.325736111111111,,2.0,3.0,2.0,3.0,,2.0,2.0,2.0,2.0,,,2.0,2.0,,1.0
185,5d77940e1ba9c60016f0d17f,78,24,1,0.3076923076923077,0.01282051282051282,4.9924358974358976,1.0,6.0,4.0,2.0,5.0,1.0,1.0,2.0,1.0,1.0,,,,,,
375,5dc029217fa54e4545661559,72,21,1,0.2916666666666667,0.013888888888888888,6.118708333333334,,2.0,3.0,1.0,2.0,,3.0,1.0,2.0,1.0,,,2.0,2.0,,2.0
300,5c1d4d88508cfd000103dc47,151,43,2,0.2847682119205298,0.013245033112582781,21.793230397327708,,4.0,6.0,4.0,5.0,,3.0,2.0,3.0,3.0,,,3.0,3.0,3.0,4.0
295,5dac6532ccaa330016e11e8f,53,15,1,0.2830188679245283,0.018867924528301886,0.0,,,1.0,2.0,,,1.0,1.0,,1.0,,,1.0,3.0,3.0,2.0
63,5de4e06be4f42a477cdbb682,78,22,0,0.28205128205128205,0.0,5.146923076923077,,4.0,4.0,1.0,4.0,1.0,2.0,2.0,2.0,1.0,,1.0,,,,
37,5ddae8d6c23e0da4764f9fae,78,21,0,0.2692307692307692,0.0,9.149269230769232,1.0,3.0,3.0,3.0,3.0,1.0,1.0,1.0,2.0,3.0,,,,,,
175,5db1e70a4f275f000c2f8ee3,30,8,0,0.26666666666666666,0.0,6.057733333333333,,1.0,1.0,1.0,1.0,,1.0,1.0,1.0,1.0,,,,,,
250,5db35f3fe6208e000af26586,75,20,0,0.26666666666666666,0.0,7.899666666666667,2.0,3.0,4.0,2.0,4.0,1.0,1.0,1.0,1.0,1.0,,,,,,
247,5a473bda7aebf70001153fb5,75,20,0,0.26666666666666666,0.0,11.782506666666666,2.0,3.0,4.0,,4.0,1.0,2.0,1.0,2.0,1.0,,,,,,
147,5de7d4bb0d75cf000df7cb3c,78,20,0,0.2564102564102564,0.0,6.4351666666666665,2.0,2.0,2.0,,1.0,1.0,2.0,3.0,4.0,1.0,1.0,1.0,,,,
72,5af478d820299700016d0748,71,18,0,0.2535211267605634,0.0,8.053718309859155,1.0,3.0,7.0,4.0,3.0,,,,,,,,,,,
149,5d3f14f66a8a4e0018c17ed9,75,18,0,0.24,0.0,40.405813333333334,3.0,3.0,3.0,,3.0,2.0,1.0,1.0,1.0,,1.0,,,,,
345,Programmer,80,19,0,0.2375,0.0,0.0,,,1.0,2.0,2.0,,1.0,,2.0,3.0,,,3.0,,4.0,1.0
438,5e673f3fb47a554b79b02c5a,72,17,0,0.2361111111111111,0.0,5.85025,,2.0,2.0,2.0,1.0,,,,1.0,1.0,,,3.0,1.0,3.0,1.0
62,5d134f52f1341200164f90e4,78,18,0,0.23076923076923078,0.0,13.714179487179486,,1.0,3.0,1.0,3.0,,4.0,2.0,3.0,1.0,,,,,,
64,5c4e3248ad466000019166df,78,18,0,0.23076923076923078,0.0,8.772782051282052,,4.0,3.0,3.0,4.0,,1.0,1.0,1.0,,1.0,,,,,
86,5de77bbf6552bb6e9e080762,78,18,0,0.23076923076923078,0.0,4.709871794871795,2.0,4.0,4.0,2.0,4.0,2.0,,,,,,,,,,
283,5d7c8c85f0f16600017679be,71,16,0,0.22535211267605634,0.0,2.987704225352113,1.0,4.0,2.0,1.0,2.0,1.0,1.0,2.0,,,1.0,1.0,,,,
77,5de936b4f87f550612b5f282,71,16,0,0.22535211267605634,0.0,7.548535211267606,,2.0,3.0,3.0,1.0,,,1.0,3.0,3.0,,,,,,
202,5de76e8d36d8256e47625c4f,71,16,0,0.22535211267605634,0.0,6.2291971830985915,3.0,2.0,2.0,1.0,1.0,,1.0,2.0,1.0,1.0,2.0,,,,,
19,5de8576d4f21b47d008d37c7,71,16,0,0.22535211267605634,0.0,10.623957746478874,3.0,1.0,2.0,1.0,3.0,3.0,,,,,2.0,1.0,,,,
390,5e6a3ff6a21e120a40d76a84,76,17,1,0.2236842105263158,0.013157894736842105,27.117736842105263,,1.0,1.0,1.0,1.0,,1.0,2.0,1.0,2.0,,,1.0,1.0,3.0,2.0
203,57617fdb1a5ecc0006fc3860,78,17,0,0.21794871794871795,0.0,8.321333333333333,2.0,3.0,6.0,2.0,3.0,1.0,,,,,,,,,,
20,5b99872a357ce300014f2099,71,15,0,0.2112676056338028,0.0,3.4408450704225353,1.0,2.0,3.0,2.0,3.0,,1.0,1.0,1.0,1.0,,,,,,
230,5c8cf9c175696a001616f84f,78,16,0,0.20512820512820512,0.0,11.324653846153845,,4.0,4.0,3.0,4.0,1.0,,,,,,,,,,
123,5b730c180da966000147f66c,78,16,0,0.20512820512820512,0.0,6.169589743589744,1.0,1.0,1.0,3.0,2.0,,2.0,1.0,1.0,3.0,1.0,,,,,
170,5de67f3e36d8255fc22d6137,123,25,0,0.2032520325203252,0.0,5.480284552845529,4.0,4.0,3.0,,5.0,3.0,1.0,1.0,1.0,,2.0,1.0,,,,
100,5c8bfcd7e5265900010d7ba6,71,14,0,0.19718309859154928,0.0,5.469070422535211,1.0,3.0,3.0,2.0,3.0,1.0,,,1.0,,,,,,,
112,5de79de25feb6e705b799e45,78,15,0,0.19230769230769232,0.0,6.018461538461539,,2.0,3.0,2.0,2.0,,1.0,2.0,2.0,1.0,,,,,,
38,5de78426bbdd79000ec0259d,68,13,0,0.19117647058823528,0.0,26.89635294117647,,3.0,3.0,3.0,3.0,1.0,,,,,,,,,,
364,5b06e71668eff50001d1b795,81,15,0,0.18518518518518517,0.0,9.043246913580248,,1.0,2.0,2.0,2.0,,,,,,,,2.0,2.0,3.0,1.0
385,5bfe6f8c6e6cd80001bea615,76,14,0,0.18421052631578946,0.0,3.5784078947368423,,2.0,1.0,1.0,,,1.0,,1.0,1.0,,,1.0,2.0,2.0,2.0
2,5cfa7e66b131cd001aa86c44,71,13,0,0.18309859154929578,0.0,11.23018309859155,1.0,,6.0,1.0,4.0,1.0,,,,,,,,,,
153,5c8f9cfea4b1bd0017fb664d,71,13,0,0.18309859154929578,0.0,9.736140845070421,3.0,3.0,1.0,1.0,1.0,,,2.0,,1.0,1.0,,,,,
24,5de294e8c3bd282be968e7ab,71,13,0,0.18309859154929578,0.0,7.6373380281690135,,2.0,3.0,1.0,5.0,,1.0,,1.0,,,,,,,
135,5de122c7ff15c24523bccf21,146,26,2,0.1780821917808219,0.0136986301369863,3.6137123287671233,,3.0,1.0,3.0,3.0,,4.0,4.0,2.0,4.0,,2.0,,,,
121,5de7eb635a8f947536c2e41e,74,13,0,0.17567567567567569,0.0,14.069162162162161,3.0,,3.0,1.0,2.0,,1.0,,,,3.0,,,,,
266,5ba797ad7c0ebe000127092a,80,14,0,0.175,0.0,7.2432,3.0,,6.0,1.0,2.0,,,,1.0,,1.0,,,,,
26,5bfa79fdb8a4c50001b8a68a,71,12,0,0.16901408450704225,0.0,6.207943661971831,1.0,3.0,4.0,1.0,2.0,1.0,,,,,,,,,,
219,5ae5a589c67d830001ce8c73,71,12,0,0.16901408450704225,0.0,1.5410140845070424,,1.0,2.0,,3.0,,2.0,1.0,1.0,,1.0,1.0,,,,
376,5dcd8924bab2ec056fb73b82,72,12,0,0.16666666666666666,0.0,6.791930555555556,,2.0,2.0,2.0,2.0,,,,,,,,1.0,1.0,1.0,1.0
144,5d667b2ac25c160001b0a6da,78,13,0,0.16666666666666666,0.0,7.890487179487179,2.0,3.0,3.0,1.0,3.0,,,,,,,1.0,,,,
7,5c8119441c40f30001b464b1,142,23,0,0.1619718309859155,0.0,3.752316901408451,1.0,5.0,5.0,5.0,5.0,1.0,,,1.0,,,,,,,
176,5ddcbe9cf3b7c2c1d37f3c13,31,5,0,0.16129032258064516,0.0,23.541064516129033,,1.0,1.0,2.0,1.0,,,,,,,,,,,
272,5d82533077c5290015e77b99,75,12,0,0.16,0.0,7.947839999999999,1.0,2.0,3.0,1.0,2.0,1.0,1.0,,1.0,,,,,,,
151,University student,75,12,0,0.16,0.0,0.0,2.0,2.0,3.0,1.0,3.0,1.0,,,,,,,,,,
401,5e1842435b1c591274aef230,76,12,1,0.15789473684210525,0.013157894736842105,3.309934210526316,,1.0,1.0,1.0,,,2.0,2.0,2.0,1.0,,,1.0,,,1.0
198,59efd1e377860e0001513786,70,11,0,0.15714285714285714,0.0,4.638271428571429,1.0,,3.0,1.0,2.0,,1.0,,2.0,,1.0,,,,,
221,5de8e64f913386000ba50bda,71,11,0,0.15492957746478872,0.0,6.876732394366197,1.0,3.0,4.0,1.0,2.0,,,,,,,,,,,
75,5c9e010f7706ba001215deb1,71,11,0,0.15492957746478872,0.0,6.702028169014085,,3.0,3.0,2.0,3.0,,,,,,,,,,,
220,5d70ed4be61c8d001cf102d5,71,11,0,0.15492957746478872,0.0,9.01256338028169,1.0,,,,1.0,,2.0,2.0,2.0,2.0,1.0,,,,,
48,5d1a0a47c210c700185e7c05,71,11,0,0.15492957746478872,0.0,9.163267605633802,2.0,,2.0,1.0,2.0,1.0,1.0,,,,2.0,,,,,
10,5a50c8afac562400015353b7,71,11,0,0.15492957746478872,0.0,5.405521126760563,1.0,3.0,4.0,,2.0,1.0,,,,,,,,,,
3,5d025e0959967a0019b3db84,71,11,0,0.15492957746478872,0.0,7.364830985915494,1.0,1.0,1.0,,3.0,,2.0,2.0,1.0,,,,,,,
36,5db954a2af32f6000a8fe36c,78,12,0,0.15384615384615385,0.0,7.2538846153846155,,2.0,1.0,1.0,1.0,1.0,,3.0,2.0,1.0,,,,,,
352,5e4b00acecbca8011a7319c1,79,12,0,0.1518987341772152,0.0,5.9933037974683545,,,3.0,1.0,,,1.0,1.0,3.0,1.0,,,2.0,,,
143,5b8d575aafe6be000115695b,78,11,0,0.14102564102564102,0.0,3.975884615384616,,2.0,2.0,1.0,2.0,,1.0,1.0,1.0,1.0,,,,,,
52,5d16693671c14b0016611eab,78,11,0,0.14102564102564102,0.0,7.317333333333333,,3.0,4.0,,3.0,1.0,,,,,,,,,,
31,5bab3e1f24c3260001663809,71,10,0,0.14084507042253522,0.0,8.526676056338028,1.0,2.0,2.0,2.0,2.0,,,,,,1.0,,,,,
263,5c91bad5be78b00016c8329e,71,10,0,0.14084507042253522,0.0,6.748056338028169,1.0,2.0,2.0,1.0,2.0,2.0,,,,,,,,,,
251,5d38b5bc463d580015a05bcc,71,10,0,0.14084507042253522,0.0,10.911887323943663,,1.0,1.0,,2.0,,2.0,2.0,1.0,1.0,,,,,,
166,5ddec0b5535a71e309ca658f,71,10,0,0.14084507042253522,0.0,5.356901408450704,,2.0,2.0,2.0,2.0,,,2.0,,,,,,,,
17,5de6be6912bcf6041b3276ba,71,10,0,0.14084507042253522,0.0,7.042845070422535,2.0,2.0,2.0,,2.0,2.0,,,,,,,,,,
414,5c35e108f5ebd5000184599e,79,11,1,0.13924050632911392,0.012658227848101266,8.436455696202533,,,1.0,2.0,,,1.0,1.0,1.0,1.0,,,2.0,1.0,1.0,
435,5dc72b0bb98b1252dec22f61,72,10,0,0.1388888888888889,0.0,24.002055555555554,,3.0,,,2.0,,,,,,,,,2.0,,3.0
358,5e22fe5aed7a205b0626f097,72,10,1,0.1388888888888889,0.013888888888888888,10.747652777777779,,,1.0,2.0,1.0,,,,,,,,1.0,1.0,4.0,
104,5c5758e9efe1550001dc31b6,153,21,0,0.13725490196078433,0.0,4.210338205128204,1.0,5.0,5.0,3.0,2.0,1.0,,2.0,2.0,,,,,,,
134,5dd7f4dbdcec87782e2d4e5c,146,20,0,0.136986301369863,0.0,9.861554794520549,1.0,5.0,7.0,1.0,5.0,1.0,,,,,,,,,,
278,5ddd4e1144840502f8c3dfcd,67,9,0,0.13432835820895522,0.0,0.0,,2.0,3.0,2.0,2.0,,,,,,,,,,,
313,5e7376da9674532c00ed8b18,75,10,0,0.13333333333333333,0.0,4.512013333333334,,1.0,,,,,,3.0,2.0,1.0,,,,,1.0,2.0
60,5b994a6d700b020001c572e2,78,10,0,0.1282051282051282,0.0,11.807807692307692,,1.0,2.0,2.0,,,1.0,1.0,2.0,,1.0,,,,,
199,5b715e02b5d9590001824e3d,71,9,0,0.1267605633802817,0.0,4.899408450704225,2.0,1.0,1.0,1.0,1.0,,1.0,1.0,,,1.0,,,,,
117,klarinka.b@gmail.com,71,9,0,0.1267605633802817,0.0,0.0,1.0,2.0,2.0,1.0,2.0,1.0,,,,,,,,,,
22,5de2515f676a6d286c48fb2c,71,9,0,0.1267605633802817,0.0,7.622323943661971,,1.0,3.0,1.0,2.0,,1.0,,,,1.0,,,,,
11,5bda4059ea656500011d5334,71,9,0,0.1267605633802817,0.0,10.374521126760564,1.0,2.0,2.0,1.0,1.0,1.0,,,,1.0,,,,,,
338,5be1c7de91deed00015a97b9,80,10,0,0.125,0.0,5.05945,,,3.0,1.0,,,,,,,,,4.0,,1.0,1.0
44,5de4f98f047da348a90981eb,72,9,0,0.125,0.0,7.0342361111111105,1.0,,3.0,1.0,1.0,,1.0,,1.0,,1.0,,,,,
87,5de6dd9be3e0cc6642ea3b33,78,9,0,0.11538461538461539,0.0,21.653102564102564,3.0,,,,,,1.0,1.0,1.0,,3.0,,,,,
68,bladakura,78,9,0,0.11538461538461539,0.0,0.0,,1.0,2.0,1.0,,,,1.0,2.0,2.0,,,,,,
270,Karolina,78,9,0,0.11538461538461539,0.0,0.0,1.0,1.0,2.0,,2.0,1.0,1.0,,,,1.0,,,,,
56,5c097af754deae0001ac6534,78,9,0,0.11538461538461539,0.0,7.169666666666667,1.0,1.0,3.0,1.0,2.0,1.0,,,,,,,,,,
210,5de5157820c5aa09b7a53b89,78,9,0,0.11538461538461539,0.0,26.718833333333333,1.0,1.0,,,1.0,,1.0,1.0,2.0,,1.0,1.0,,,,
14,5baa4c22c4d93b0001bea5a5,53,6,0,0.11320754716981132,0.0,3.936037735849057,1.0,1.0,2.0,1.0,,1.0,,,,,,,,,,
81,5c79d035998fb70001efcf1e,71,8,0,0.11267605633802817,0.0,7.018521126760564,,,2.0,2.0,3.0,,,,1.0,,,,,,,
169,5de2a39c8691182c3ed485ff,71,8,0,0.11267605633802817,0.0,7.440774647887324,2.0,1.0,2.0,,2.0,,,,1.0,,,,,,,
18,5de6d199a23d79000bf9aef9,71,8,0,0.11267605633802817,0.0,7.714971830985916,1.0,1.0,1.0,,1.0,1.0,1.0,1.0,,,,1.0,,,,
82,5de043dae448c60bb13722af,71,8,0,0.11267605633802817,0.0,10.691999999999998,,1.0,2.0,2.0,3.0,,,,,,,,,,,
365,5c41047672b87000013a5f0a,81,9,0,0.1111111111111111,0.0,7.545407407407407,,1.0,1.0,2.0,3.0,,1.0,,,,,,,,1.0,
42,5c6fdfccc66879000152d418,72,8,0,0.1111111111111111,0.0,9.739180555555556,,1.0,1.0,1.0,1.0,,1.0,1.0,1.0,1.0,,,,,,
411,5e6f91fe74ff43011dd127ec,75,8,0,0.10666666666666667,0.0,8.153586666666667,,,2.0,1.0,,,,,1.0,1.0,,,2.0,,1.0,
403,5c98f0f728cfb0001667d035,75,8,0,0.10666666666666667,0.0,4.77548,,2.0,1.0,1.0,1.0,,1.0,1.0,,,,,,,1.0,
395,5e695bb0254c4a2103ed09da,76,8,0,0.10526315789473684,0.0,6.203894736842105,,3.0,2.0,,3.0,,,,,,,,,,,
145,5ddb44664a113aaa06465dbe,78,8,0,0.10256410256410256,0.0,8.218884615384615,1.0,2.0,2.0,,2.0,1.0,,,,,,,,,,
268,5cfd0ec4a6723500162fb445,78,8,0,0.10256410256410256,0.0,24.657743589743593,2.0,1.0,1.0,,2.0,,1.0,,,,1.0,,,,,
93,592bdd896489ca00013b3fcf,78,8,0,0.10256410256410256,0.0,7.893628205128205,,3.0,2.0,1.0,2.0,,,,,,,,,,,
84,5bcbb1963c6f9f0001cc747a,78,8,1,0.10256410256410256,0.01282051282051282,6.906576923076923,2.0,2.0,2.0,1.0,1.0,,,,,,,,,,,
334,5c729af09048710001bcdeac,80,8,0,0.1,0.0,8.609449999999999,,1.0,2.0,2.0,,,,,,,,,1.0,,1.0,1.0
319,5cae11e9d59a05001961a299,80,8,0,0.1,0.0,9.013662499999999,,1.0,2.0,2.0,2.0,,,,,1.0,,,,,,
368,5e67cfb2a3821007f17744c8,81,8,1,0.09876543209876543,0.012345679012345678,7.708888888888889,,1.0,1.0,,,,1.0,1.0,1.0,,,,,,2.0,1.0
227,5daa50967776b10016e1bc9b,71,7,0,0.09859154929577464,0.0,4.736154929577465,,2.0,2.0,,2.0,1.0,,,,,,,,,,
113,59d3764946447f00011f0407,71,7,0,0.09859154929577464,0.0,4.016225352112676,1.0,2.0,2.0,,1.0,1.0,,,,,,,,,,
253,5de3f44fc3bd283f5e3bdebb,71,7,0,0.09859154929577464,0.0,17.54143661971831,,1.0,2.0,1.0,1.0,1.0,,,,,,1.0,,,,
165,5db312a14e72fe000cfb3d03,71,7,0,0.09859154929577464,0.0,7.976211267605635,2.0,,3.0,,2.0,,,,,,,,,,,
261,5984383935fbf100017d1ae7,71,7,0,0.09859154929577464,0.0,5.01243661971831,1.0,1.0,1.0,,2.0,2.0,,,,,,,,,,
140,5bbbc0f56322c500015a53a1,74,7,0,0.0945945945945946,0.0,6.351513513513513,2.0,2.0,2.0,,1.0,,,,,,,,,,,
214,5c590c02e66e510001ef00f9,78,7,0,0.08974358974358974,0.0,4.967371794871795,,2.0,2.0,1.0,2.0,,,,,,,,,,,
124,5c0fc9645096c60001f15b12,78,7,0,0.08974358974358974,0.0,7.096500000000001,2.0,2.0,1.0,1.0,1.0,,,,,,,,,,,
276,5c609050808997000178ad7a,67,6,0,0.08955223880597014,0.0,5.033119402985075,,1.0,1.0,,1.0,,1.0,1.0,1.0,,,,,,,
416,5c6fc2aae51f6c0001dd2fa1,79,7,1,0.08860759493670886,0.012658227848101266,25.268088607594937,,,1.0,1.0,,,1.0,,2.0,2.0,,,,,,
366,5c94176f0791df0014366f00,81,7,0,0.08641975308641975,0.0,8.26841975308642,,,,1.0,1.0,,,,,,,,1.0,2.0,1.0,1.0
382,5d23c63ad8324d0001efe974,35,3,0,0.08571428571428572,0.0,11.873628571428572,,,,,,,,,,,,,,1.0,2.0,
13,5de0557af31ad20d81756185,71,6,0,0.08450704225352113,0.0,9.913957746478873,,,3.0,1.0,1.0,,,,1.0,,,,,,,
194,5b7aceb29684fc00014f402e,71,6,0,0.08450704225352113,0.0,8.243352112676057,1.0,,3.0,,1.0,,,,,,1.0,,,,,
34,5d4ab5d644c0ee0001740f61,71,6,0,0.08450704225352113,0.0,11.419028169014084,,1.0,3.0,,2.0,,,,,,,,,,,
260,5de473c81a889c03ebcb80ca,71,6,0,0.08450704225352113,0.0,7.376295774647887,,3.0,3.0,,,,,,,,,,,,,
9,5de79f78900c1370809c0596,71,6,0,0.08450704225352113,0.0,8.092704225352113,3.0,1.0,2.0,,,,,,,,,,,,,
240,5de7e9184fc566745514109b,71,6,0,0.08450704225352113,0.0,13.440338028169014,,2.0,1.0,,1.0,,,1.0,1.0,,,,,,,
27,5c37b6c692952a0001b3216d,71,6,0,0.08450704225352113,0.0,9.44580281690141,1.0,,2.0,,2.0,1.0,,,,,,,,,,
434,5dbb81ae6d82ff16f84bb066,72,6,0,0.08333333333333333,0.0,15.058597222222224,,,,,1.0,,2.0,,1.0,1.0,,,,1.0,,
45,5a522443eedc3200014207ec,72,6,0,0.08333333333333333,0.0,24.98988888888889,1.0,1.0,1.0,,1.0,1.0,,,,,,1.0,,,,
380,5e78b314dec8904388503b8b,72,6,0,0.08333333333333333,0.0,6.8201527777777775,,1.0,,,1.0,,,,,,,,1.0,1.0,1.0,1.0
136,5ddf8f46d0e07e000a396562,73,6,0,0.0821917808219178,0.0,17.478465753424658,1.0,2.0,1.0,1.0,1.0,,,,,,,,,,,
139,5b83c47e67b3b70001915d6a,74,6,0,0.08108108108108109,0.0,8.007932432432431,,3.0,1.0,1.0,1.0,,,,,,,,,,,
141,5bf077d95fc1db0001305dd4,74,6,0,0.08108108108108109,0.0,24.126283783783784,2.0,1.0,1.0,,1.0,1.0,,,,,,,,,,
25,5a4bf85dac413f0001e6076a,149,12,0,0.08053691275167785,0.0,4.444598501263994,4.0,1.0,4.0,,1.0,,,1.0,,,1.0,,,,,
246,591d7a33e4b20e00016c2798,75,6,0,0.08,0.0,9.825746666666667,2.0,1.0,1.0,,2.0,,,,,,,,,,,
394,5d7a42caf0a2960016536deb,76,6,1,0.07894736842105263,0.013157894736842105,17.72013157894737,,,2.0,,1.0,,1.0,1.0,1.0,,,,,,,
235,5d1dc300a7056c001674fd3a,78,6,0,0.07692307692307693,0.0,12.101153846153846,,1.0,3.0,1.0,1.0,,,,,,,,,,,
207,5ddc0d87d3ac2ad102aff2b9,78,6,0,0.07692307692307693,0.0,10.649846153846154,2.0,1.0,1.0,,1.0,,,,,,1.0,,,,,
95,5aecb62ab59b0d00012ea1f7,78,6,0,0.07692307692307693,0.0,9.778884615384616,,1.0,2.0,1.0,2.0,,,,,,,,,,,
347,5c688d8e9b80050001708a14,79,6,0,0.0759493670886076,0.0,7.042696202531646,,1.0,1.0,1.0,,,,1.0,1.0,1.0,,,,,,
340,5cb4f4ec46ed1300015b05,80,6,0,0.075,0.0,0.0,,,,3.0,,,,,,1.0,,,,,2.0,
279,Francesco,67,5,0,0.07462686567164178,0.0,0.0,,,1.0,1.0,1.0,,1.0,,1.0,,,,,,,
1,5c28f3efdfe7fc0001cd8b28,71,5,0,0.07042253521126761,0.0,6.4137464788732395,,2.0,1.0,1.0,1.0,,,,,,,,,,,
32,5c9104c4eeadb5001678f598,71,5,0,0.07042253521126761,0.0,20.425957746478872,1.0,1.0,1.0,1.0,1.0,,,,,,,,,,,
161,5de8ce62b63ed7845a7c97ae,71,5,0,0.07042253521126761,0.0,6.297957746478873,,,,,,,1.0,1.0,1.0,,1.0,1.0,,,,
73,5d5eb70caf0eac00178c1a02,71,5,0,0.07042253521126761,0.0,9.738450704225352,1.0,1.0,2.0,,1.0,,,,,,,,,,,
152,5bb3e96383d96f0001184ef4,71,5,0,0.07042253521126761,0.0,10.212845070422535,1.0,1.0,1.0,,1.0,1.0,,,,,,,,,,
164,5daf08f0a6ced10015914870,71,5,0,0.07042253521126761,0.0,11.881056338028168,2.0,1.0,,,2.0,,,,,,,,,,,
39,5d36d1001d6ff70001f0f374,228,16,0,0.07017543859649122,0.0,4.450573076923077,,4.0,4.0,1.0,4.0,1.0,,,,,,,1.0,1.0,,
381,5e78cd5a867cd1012a69ad8b,72,5,0,0.06944444444444445,0.0,9.392055555555554,,1.0,1.0,1.0,1.0,,,,,,,,1.0,,,
379,5e77795324d7c92e567b3e82,72,5,0,0.06944444444444445,0.0,8.79701388888889,,,1.0,,,,,,1.0,,,,1.0,1.0,1.0,
437,5e5d84d591b5f0094e38ec2a,72,5,0,0.06944444444444445,0.0,13.201652777777777,,,2.0,1.0,1.0,,,,,,,,1.0,,,
440,5e6f88ac12fd1f000cdf2403,72,5,0,0.06944444444444445,0.0,7.399416666666667,,,,1.0,1.0,,1.0,,,,,,,1.0,1.0,
128,598780a5e8d50e0001d7c273,146,10,0,0.0684931506849315,0.0,4.591616438356164,,3.0,3.0,,1.0,,1.0,2.0,,,,,,,,
174,5caccbc4976d010014b9cd9d,30,2,0,0.06666666666666667,0.0,8.4502,,,2.0,,,,,,,,,,,,,
400,5e6f8c15fe7a000009575a52,76,5,0,0.06578947368421052,0.0,11.723868421052632,,,1.0,2.0,2.0,,,,,,,,,,,
393,5d3337693d0a510019bffca0,76,5,0,0.06578947368421052,0.0,10.789197368421053,,,1.0,1.0,1.0,,,,,,,,1.0,1.0,,
183,57e131b80cb6700001dd7e5c,78,5,0,0.0641025641025641,0.0,9.696346153846154,2.0,,1.0,,,1.0,,,,,1.0,,,,,
69,Irlen syndrome Screeners,78,5,0,0.0641025641025641,0.0,0.0,1.0,,,,,,1.0,1.0,1.0,,1.0,,,,,
58,5d598dff48766d0001949fb6,78,5,0,0.0641025641025641,0.0,4.876230769230769,,2.0,2.0,,,,,,,,1.0,,,,,
204,59dc2e2016ecc200016fea95,78,5,0,0.0641025641025641,0.0,4.143487179487179,,2.0,1.0,,1.0,1.0,,,,,,,,,,
96,5b2c567dc01fcb000187e253,78,5,0,0.0641025641025641,0.0,7.412846153846154,,1.0,2.0,,2.0,,,,,,,,,,,
342,5d82852ae7a57100011a6122,80,5,0,0.0625,0.0,11.960775,,,1.0,,,,,,2.0,1.0,,,1.0,,,
286,5adf7fbc09eae200011305a5,150,9,0,0.06,0.0,4.91798,,,,2.0,,,,1.0,1.0,3.0,,,,,2.0,
99,5b7ac2d72e4a8200017a512f,71,4,0,0.056338028169014086,0.0,8.049816901408452,,1.0,1.0,1.0,1.0,,,,,,,,,,,
256,5bab67d77c0ebe000127dcc5,71,4,0,0.056338028169014086,0.0,9.079605633802817,2.0,,1.0,,,,,,,,1.0,,,,,
271,5c3679bf7ab36100015c2276,71,4,0,0.056338028169014086,0.0,7.639661971830987,,1.0,2.0,,1.0,,,,,,,,,,,
273,5dbb6eaea8461a16567fbb02,71,4,0,0.056338028169014086,0.0,5.815112676056338,1.0,,1.0,,,,,,1.0,,1.0,,,,,
157,5c8abb61e1b6910001b30615,71,4,0,0.056338028169014086,0.0,4.259140845070423,,1.0,1.0,1.0,1.0,,,,,,,,,,,
80,5baed9241fefee0001ecb8c3,71,4,0,0.056338028169014086,0.0,8.355521126760562,,,,,,,1.0,1.0,,,1.0,1.0,,,,
79,5b9581133b90af00014e3cb2,71,4,0,0.056338028169014086,0.0,8.672929577464789,1.0,,,,,,1.0,1.0,1.0,,,,,,,
200,5d9e5674421f180015f93c96,71,4,0,0.056338028169014086,0.0,8.215028169014085,1.0,,1.0,,,,,,,,2.0,,,,,
114,5a828ebeeea3d300016e5389,71,4,0,0.056338028169014086,0.0,4.652183098591549,,,2.0,1.0,1.0,,,,,,,,,,,
264,5dcfd2481096ea0dc9d510df,71,4,0,0.056338028169014086,0.0,5.867774647887324,,1.0,1.0,,2.0,,,,,,,,,,,
156,5de4e677e3e0cc47d22a3860,71,4,0,0.056338028169014086,0.0,7.083774647887323,2.0,,2.0,,,,,,,,,,,,,
168,5d4725646cdbdf001a122fea,71,4,0,0.056338028169014086,0.0,18.95253521126761,,1.0,,,1.0,,,,,,1.0,1.0,,,,
160,5de4f1a3521f954934d8a5ab,71,4,0,0.056338028169014086,0.0,9.779985915492958,,1.0,2.0,,1.0,,,,,,,,,,,
28,5d17a2f44c7891001601beec,71,4,0,0.056338028169014086,0.0,9.693211267605633,,1.0,1.0,,1.0,1.0,,,,,,,,,,
171,5de68727674832000dbeb1ca,71,4,0,0.056338028169014086,0.0,12.361985915492959,2.0,,,,,,,,,,2.0,,,,,
49,5de4bdff9d5c0f063f3f45e9,71,4,0,0.056338028169014086,0.0,4.696225352112676,,1.0,2.0,,1.0,,,,,,,,,,,
436,5e385a484af60703465f207d,72,4,0,0.05555555555555555,0.0,7.608,,,,1.0,,,,1.0,,2.0,,,,,,
360,5e611e23e6d609000ae35968,72,4,0,0.05555555555555555,0.0,19.412097222222222,,,1.0,1.0,,,,,,,,,1.0,,1.0,
373,5c75fddeeaaa5700166eda46,72,4,0,0.05555555555555555,0.0,5.232472222222222,,1.0,,,1.0,,,,,,,,,1.0,,1.0
378,5e754a41f94f1f0c300b83d9,72,4,0,0.05555555555555555,0.0,7.2266111111111115,,,,,,,2.0,,1.0,1.0,,,,,,
130,5be964367514d0000108cefc,73,4,0,0.0547945205479452,0.0,15.416041095890412,,,,,,,1.0,1.0,,,1.0,1.0,,,,
118,587968cb5c17910001ea5190,74,4,0,0.05405405405405406,0.0,17.096432432432433,3.0,,,,,,,,,,1.0,,,,,
120,5c2e0e0b8a20f50001e9fba0,74,4,0,0.05405405405405406,0.0,9.502108108108107,4.0,,,,,,,,,,,,,,,
148,5acb5910e1546900019c413a,75,4,0,0.05333333333333334,0.0,13.61352,2.0,,2.0,,,,,,,,,,,,,
410,5e6f98ded5d246555d98c6e0,75,4,0,0.05333333333333334,0.0,6.262746666666667,,,,,,,,,,,,,,2.0,2.0,
249,5d53cd2405ac770016f224e5,75,4,0,0.05333333333333334,0.0,16.472866666666665,,3.0,1.0,,,,,,,,,,,,,
383,5bae4929254aa9000189a644,76,4,1,0.05263157894736842,0.013157894736842105,8.263618421052632,,,1.0,1.0,,,,,,,,,1.0,,1.0,
392,5bdc4a3b0f86a60001be614a,76,4,0,0.05263157894736842,0.0,7.8844473684210525,,,,,,,1.0,1.0,1.0,1.0,,,,,,
111,5d1cf9681118d600011be7ff,78,4,0,0.05128205128205128,0.0,3.976807692307692,,1.0,2.0,,1.0,,,,,,,,,,,
228,58dcfd5a09694a0001a35e0b,78,4,0,0.05128205128205128,0.0,5.89397435897436,,2.0,1.0,,1.0,,,,,,,,,,,
216,5de5e8e5a1a3fb572da9cce5,78,4,0,0.05128205128205128,0.0,7.681128205128205,,1.0,2.0,,1.0,,,,,,,,,,,
125,5dd7bd5fe9a0ba7539b35a99,78,4,0,0.05128205128205128,0.0,11.182538461538462,1.0,,1.0,,2.0,,,,,,,,,,,
126,5dddbebeb966ded354c7ab3b,78,4,0,0.05128205128205128,0.0,9.186846153846153,2.0,,,,1.0,1.0,,,,,,,,,,
233,59e5177f16ecc200016fefc1,78,4,0,0.05128205128205128,0.0,6.0102179487179495,,1.0,1.0,1.0,1.0,,,,,,,,,,,
55,5b281303007d870001c7f24a,78,4,0,0.05128205128205128,0.0,10.104051282051282,1.0,,2.0,,,1.0,,,,,,,,,,
232,5dcc61ad900e3e8fe2aa68aa,78,4,0,0.05128205128205128,0.0,7.5399743589743595,,,1.0,2.0,1.0,,,,,,,,,,,
236,5be975720e366e0001763237,78,4,0,0.05128205128205128,0.0,16.0515641025641,,1.0,1.0,1.0,1.0,,,,,,,,,,,
108,57a25e691602010001041ab1,78,4,0,0.05128205128205128,0.0,7.293,,1.0,1.0,1.0,1.0,,,,,,,,,,,
65,5cec240c12859100194d9e66,78,4,0,0.05128205128205128,0.0,6.943641025641027,,,1.0,1.0,1.0,,,,,1.0,,,,,,
209,5d40128e2b6eaf00155f222c,78,4,0,0.05128205128205128,0.0,21.073730769230767,,1.0,1.0,,1.0,,,,,1.0,,,,,,
353,5b479eb95a02af0001a79012,79,4,1,0.05063291139240506,0.012658227848101266,12.831177215189873,,1.0,1.0,1.0,,,,,,,,,1.0,,,
418,5cea706c0afd6e0001a9e93e,79,4,0,0.05063291139240506,0.0,10.185417721518988,,,2.0,1.0,,,,,,,,,1.0,,,
245,5de24cece3e0cc27a58c659b,79,4,0,0.05063291139240506,0.0,11.098645569620253,,,1.0,1.0,1.0,,1.0,,,,,,,,,
298,5a298e43e2032600017f44fd,79,4,0,0.05063291139240506,0.0,9.285493670886076,,1.0,1.0,1.0,1.0,,,,,,,,,,,
320,5cf5475052e49400153b3c5d,80,4,0,0.05,0.0,12.545987499999999,,,,,,,1.0,1.0,1.0,1.0,,,,,,
316,59c129a4123c6a0001234c94,80,4,0,0.05,0.0,7.3732625,,,1.0,1.0,1.0,,,,,,,,1.0,,,
275,5aeaf8170a90530001bed0a2,67,3,0,0.04477611940298507,0.0,5.676402985074627,,,2.0,,1.0,,,,,,,,,,,
277,5ddd1a65798297c76102df27,68,3,0,0.04411764705882353,0.0,7.575441176470588,,1.0,1.0,,1.0,,,,,,,,,,,
255,5de66395047da35de324deed,71,3,0,0.04225352112676056,0.0,11.218718309859154,1.0,,1.0,,1.0,,,,,,,,,,,
191,5c03d56b5c059400011552ed,71,3,0,0.04225352112676056,0.0,15.631154929577463,,,3.0,,,,,,,,,,,,,
243,5b8c02e2355464000101cc7c,71,3,0,0.04225352112676056,0.0,27.738985915492957,,,,,1.0,,1.0,,,1.0,,,,,,
163,5d0269c97b218c00154bd1bf,71,3,0,0.04225352112676056,0.0,7.865323943661972,1.0,,1.0,,,,,,,,1.0,,,,,
46,5a98287ff6dfdd0001ea7af6,71,3,0,0.04225352112676056,0.0,6.461507042253521,1.0,,1.0,,,,,,,,1.0,,,,,
252,5dd4189ef30aa640b4e9c094,71,3,1,0.04225352112676056,0.014084507042253521,7.936408450704225,1.0,,2.0,,,,,,,,,,,,,
284,5d6ec714d7d0900001831ade,71,3,0,0.04225352112676056,0.0,9.951422535211268,2.0,,1.0,,,,,,,,,,,,,
23,5de28ced693f222c2f347507,71,3,0,0.04225352112676056,0.0,5.895183098591549,,1.0,1.0,,1.0,,,,,,,,,,,
274,5de7ef8fa2db8976dd0c9b01,71,3,0,0.04225352112676056,0.0,9.64043661971831,,1.0,1.0,,1.0,,,,,,,,,,,
21,5c743796a87fd9001287f48b,71,3,0,0.04225352112676056,0.0,5.014478873239437,,1.0,1.0,,1.0,,,,,,,,,,,
222,5de0e675a1a3fb13a6e351fc,71,3,0,0.04225352112676056,0.0,13.178605633802817,,,,,,,1.0,1.0,1.0,,,,,,,
257,5bdb859c18f1b90001738f4a,71,3,0,0.04225352112676056,0.0,5.601901408450704,1.0,,1.0,,,,,,,,1.0,,,,,
258,5d7e4e3f3795e900011677fe,71,3,0,0.04225352112676056,0.0,6.073760563380282,1.0,,1.0,,1.0,,,,,,,,,,,
189,5bb235d90cb04c00014e5baf,71,3,0,0.04225352112676056,0.0,10.277971830985916,1.0,,2.0,,,,,,,,,,,,,
43,5ca0d5cee123a80019ac52c4,72,3,0,0.041666666666666664,0.0,13.581013888888888,2.0,,1.0,,,,,,,,,,,,,
132,5cc7af94cd7a550019b5a460,73,3,0,0.0410958904109589,0.0,3.91827397260274,,,,,,,,1.0,,,1.0,1.0,,,,
397,5e6f6b7b7a27a35206e5c30c,49,2,0,0.04081632653061224,0.0,24.313938775510206,,,1.0,,,,,,,,,,,,1.0,
119,5b5c2fdbf7591300019061a1,74,3,0,0.04054054054054054,0.0,10.129945945945945,2.0,,,,,,,,,,1.0,,,,,
428,5ddaaaabc944d1a08138b0cc,75,3,1,0.04,0.013333333333333334,8.220346666666666,,,1.0,1.0,,,,,1.0,,,,,,,
307,59f25f8fcc514a00011a673d,75,3,1,0.04,0.013333333333333334,5.505,,,,,,,1.0,,1.0,,,,,1.0,,
182,5d00e117eb8afc00156d3317,77,3,0,0.03896103896103896,0.0,11.671168831168831,1.0,,2.0,,,,,,,,,,,,,
186,5d99be023fdbbd00181f6548,78,3,0,0.038461538461538464,0.0,9.8345,2.0,,1.0,,,,,,,,,,,,,
103,5b9335109665440001c74437,78,3,0,0.038461538461538464,0.0,5.259666666666667,,1.0,1.0,,,1.0,,,,,,,,,,
215,5dd4b451794e10492fe4d7e6,78,3,0,0.038461538461538464,0.0,8.72974358974359,,,3.0,,,,,,,,,,,,,
328,5d1c06cb799c310017c90868,80,3,0,0.0375,0.0,6.1015749999999995,,1.0,,,,,,1.0,,,,,,,,1.0
66,5ddd00151b7f3f000dae7197,69,2,0,0.028985507246376812,0.0,0.0,,,1.0,,,,,,1.0,,,,,,,
159,5dd419b44fee993fe527cac2,71,2,0,0.028169014084507043,0.0,10.410478873239438,1.0,,1.0,,,,,,,,,,,,,
218,599747deb5566b0001aa834c,71,2,0,0.028169014084507043,0.0,7.570521126760562,1.0,,,,,,,,,,1.0,,,,,
225,5c5736fad3cc6b0001d9da41,71,2,0,0.028169014084507043,0.0,6.287507042253521,,,1.0,1.0,,,,,,,,,,,,
201,5de64adbbe4cdf000cb6a61e,71,2,0,0.028169014084507043,0.0,12.540197183098591,2.0,,,,,,,,,,,,,,,
280,5b58e75f57f6aa00010a56e1,71,2,0,0.028169014084507043,0.0,11.066957746478874,2.0,,,,,,,,,,,,,,,
193,59b8018b91f20c00012fe182,71,2,0,0.028169014084507043,0.0,11.159197183098591,,,1.0,,1.0,,,,,,,,,,,
167,5aea9842ba2926000102f326,71,2,0,0.028169014084507043,0.0,14.823408450704225,1.0,,1.0,,,,,,,,,,,,,
98,5a666a2713898300014b6a4d,71,2,0,0.028169014084507043,0.0,7.077070422535211,1.0,,,,,,,,,,1.0,,,,,
196,5d6936fb5be0b90001969ba8,71,2,0,0.028169014084507043,0.0,12.036859154929576,,,2.0,,,,,,,,,,,,,
238,5bf9146118430e0001861d8e,71,2,0,0.028169014084507043,0.0,6.647690140845071,,,1.0,,1.0,,,,,,,,,,,
224,5b49b7033f5dcc000129002f,71,2,0,0.028169014084507043,0.0,8.332352112676055,,,1.0,1.0,,,,,,,,,,,,
41,5b7ebb54ff1109000172a67b,72,2,0,0.027777777777777776,0.0,7.483597222222222,1.0,,,,,,,,,,1.0,,,,,
439,5e6a63a7d6d433011c20639b,72,2,0,0.027777777777777776,0.0,21.583069444444444,,,1.0,,,,,,,,,,1.0,,,
131,5c617fed0863210001642974,146,4,0,0.0273972602739726,0.0,8.268273972602739,3.0,,,,,1.0,,,,,,,,,,
133,5da4a23630871900154e0d5c,146,4,0,0.0273972602739726,0.0,8.302513698630136,1.0,,1.0,,,1.0,,,1.0,,,,,,,
429,Dawid Groszyk,75,2,0,0.02666666666666667,0.0,0.0,,,1.0,,,,,,,,,,1.0,,,
294,5e66856ab10742406840291a,150,4,0,0.02666666666666667,0.0,4.217466666666667,,,,2.0,,,,,,,,,,,2.0,
427,5d970320520c980013241545,75,2,0,0.02666666666666667,0.0,11.907613333333334,,,,,,,1.0,,1.0,,,,,,,
291,5d228245d741d4001aa43eef,150,4,0,0.02666666666666667,0.0,10.383153333333333,,,,,1.0,,1.0,,1.0,,,,,1.0,,
408,5e6f8d129cfd4d53fc092d1b,75,2,1,0.02666666666666667,0.013333333333333334,9.219173333333334,,,,,1.0,,,,,,,,,1.0,,
384,5bf4d30498496900016ffd14,76,2,0,0.02631578947368421,0.0,7.567855263157895,,,,1.0,,,,,,,,,,,1.0,
399,5e6f89993f2dc053a390dad6,76,2,0,0.02631578947368421,0.0,9.275157894736843,,,,,,,,,,,,,1.0,1.0,,
181,5c9eda5a32060c0015a6d6ab,77,2,0,0.025974025974025976,0.0,4.420857142857143,1.0,,1.0,,,,,,,,,,,,,
212,5de67b36610fba5ef7b868f3,78,2,0,0.02564102564102564,0.0,30.899320512820513,,,1.0,1.0,,,,,,,,,,,,
269,ae,78,2,0,0.02564102564102564,0.0,0.0,,,1.0,,,,,,,,1.0,,,,,
184,5d14abad4d38750001435f74,78,2,0,0.02564102564102564,0.0,4.142564102564102,1.0,,1.0,,,,,,,,,,,,,
211,5de638b5555aef5b117f2429,78,2,0,0.02564102564102564,0.0,11.408641025641026,1.0,,,,,,,,,,1.0,,,,,
127,5a0f2d5110f4540001779ea2,78,2,0,0.02564102564102564,0.0,5.239435897435897,1.0,,1.0,,,,,,,,,,,,,
231,5d90a8a31c90470017f38f42,78,2,0,0.02564102564102564,0.0,6.991384615384615,,,1.0,1.0,,,,,,,,,,,,
59,5de6e6eda63c7b6655e3eb3b,78,2,0,0.02564102564102564,0.0,12.877166666666666,1.0,,,1.0,,,,,,,,,,,,
146,5de631043cf27959fe70269c,78,2,0,0.02564102564102564,0.0,8.999602564102565,1.0,,,,,,,,,,1.0,,,,,
107,5cc84582e5752200014739cf,78,2,0,0.02564102564102564,0.0,10.155000000000001,1.0,,,,,,,,,,1.0,,,,,
296,5665df264ef504000d7b6f62,79,2,0,0.02531645569620253,0.0,5.627177215189874,,,,,2.0,,,,,,,,,,,
421,5e773bd402f929299ffaa47d,79,2,0,0.02531645569620253,0.0,9.212506329113925,,,1.0,,,,,,,,,,1.0,,,
349,5d51e1e3d255270001a28fbb,79,2,0,0.02531645569620253,0.0,9.393835443037975,,,,1.0,,,,1.0,,,,,,,,
415,5c56059aa469aa0001660cb6,79,2,0,0.02531645569620253,0.0,19.140088607594937,,,,1.0,,,,,,,,,,,1.0,
302,5c8566ba0d4ac0000196d065,79,2,0,0.02531645569620253,0.0,7.025569620253164,,,,1.0,,,,,,,,,,,1.0,
303,5c98a9e305f102001640f1d0,79,2,0,0.02531645569620253,0.0,12.879822784810127,,,,1.0,,,,,,,,,,,1.0,
304,5d6c847ba90a23001c46f8b2,79,2,0,0.02531645569620253,0.0,8.517607594936708,,,,1.0,,,,,,,,,,,1.0,
332,5e0d4056dcd3e34d031771cf,80,2,0,0.025,0.0,5.7863375,,,1.0,,,,,,,1.0,,,,,,
344,5e3b3b935da22c09084bbc02,80,2,0,0.025,0.0,12.7950625,,,,1.0,,,,,,,,,,,1.0,
369,5e67d9ed33e6a60542f4dfd7,81,2,0,0.024691358024691357,0.0,9.514765432098766,,,,1.0,,,,,,,,,,,1.0,
208,5d362118bd3f570016067a6b,84,2,0,0.023809523809523808,0.0,37.03364285714286,1.0,,,,,,,,,,1.0,,,,,
312,5d3bb158d54ca70017784cc5,91,2,0,0.02197802197802198,0.0,7.657032967032967,,,,,,,,,,,,,,1.0,,1.0
288,5b222aff59f9620001c109cb,380,6,0,0.015789473684210527,0.0,7.9707431268043525,,,1.0,1.0,,,1.0,1.0,,,,,,1.0,1.0,
74,5c547ab2fd88bb0001868aec,71,1,0,0.014084507042253521,0.0,8.398450704225352,,,,,,,,,1.0,,,,,,,
162,5ca924edb570ed0001d22047,71,1,0,0.014084507042253521,0.0,6.709183098591549,1.0,,,,,,,,,,,,,,,
29,5de6cc22271a1c64c9412187,71,1,0,0.014084507042253521,0.0,8.775521126760564,1.0,,,,,,,,,,,,,,,
154,5ce4db1f65cce3000166882d,71,1,0,0.014084507042253521,0.0,8.306774647887323,1.0,,,,,,,,,,,,,,,
78,5de938ece4d1830288b70b33,71,1,0,0.014084507042253521,0.0,11.5186338028169,,,1.0,,,,,,,,,,,,,
0,5bec28bf65c4360001e8590c,71,1,0,0.014084507042253521,0.0,9.730323943661972,1.0,,,,,,,,,,,,,,,
223,59fa2109f4217300016cc688,71,1,0,0.014084507042253521,0.0,4.241943661971831,1.0,,,,,,,,,,,,,,,
237,579a2047275be6000135a94c,71,1,0,0.014084507042253521,0.0,8.979225352112676,1.0,,,,,,,,,,,,,,,
116,5b2e41eb1d2f710001fb32db,142,2,0,0.014084507042253521,0.0,5.781274647887324,1.0,,,1.0,,,,,,,,,,,,
101,5cf91e3f1756e60017a30568,71,1,0,0.014084507042253521,0.0,18.299098591549296,1.0,,,,,,,,,,,,,,,
281,5c9e5360bb028c00166755fa,71,1,0,0.014084507042253521,0.0,7.043309859154929,1.0,,,,,,,,,,,,,,,
197,5db4ab7dc8f993000c9d2c5f,71,1,0,0.014084507042253521,0.0,7.605492957746479,,,1.0,,,,,,,,,,,,,
244,5bb3b490763e440001853e4f,142,2,0,0.014084507042253521,0.0,8.180042253521126,,1.0,,,,,,1.0,,,,,,,,
190,5bb2db13f05e410001fa0c8a,71,1,0,0.014084507042253521,0.0,29.559140845070424,1.0,,,,,,,,,,,,,,,
259,5d8e45a7d89bf800136c78e1,71,1,0,0.014084507042253521,0.0,13.005619718309859,,,,,,,,,,,1.0,,,,,
262,5c573b734dabe6000176ac3d,71,1,0,0.014084507042253521,0.0,6.878633802816901,1.0,,,,,,,,,,,,,,,
359,5e570f6b38fb3a0d3c15e266,72,1,0,0.013888888888888888,0.0,14.978652777777777,,,,1.0,,,,,,,,,,,,
431,5a19d62dab721b0001ef91e6,72,1,0,0.013888888888888888,0.0,10.075958333333334,,,,,,,,,1.0,,,,,,,
356,5cb1f692ff629100011b05cf,72,1,0,0.013888888888888888,0.0,8.074041666666666,,,,,,,,,,1.0,,,,,,
374,5d10ce3e4217c500197fff6a,72,1,0,0.013888888888888888,0.0,9.606847222222221,,,,,1.0,,,,,,,,,,,
40,56a80ddfc89737000b22bd61,72,1,0,0.013888888888888888,0.0,5.461458333333334,,1.0,,,,,,,,,,,,,,
311,5d0155a1d3e32c00187b729d,75,1,0,0.013333333333333334,0.0,7.871746666666667,,,,,,,,,,,,,1.0,,,
430,Shummana.2010@hotmail.com,75,1,1,0.013333333333333334,0.013333333333333334,0.0,,,1.0,,,,,,,,,,,,,
306,5e70bc96e121de000b95c20e,75,1,0,0.013333333333333334,0.0,10.51252,,,,,,,,,,,,,,,1.0,
404,5cb72d295a63a200170af08f,75,1,0,0.013333333333333334,0.0,6.564893333333334,,1.0,,,,,,,,,,,,,,
178,5ad90f90dec767000128a5f4,77,1,0,0.012987012987012988,0.0,25.003051948051947,,,,,,,1.0,,,,,,,,,
179,5aeded8f0ccc2e0001858d79,77,1,0,0.012987012987012988,0.0,5.01687012987013,,,,,1.0,,,,,,,,,,,
67,5de560e8cca54a4e59b74553,78,1,0,0.01282051282051282,0.0,12.683205128205127,1.0,,,,,,,,,,,,,,,
97,5de62d28d82800000b7f2913,78,1,0,0.01282051282051282,0.0,7.594166666666667,,,,,,,,1.0,,,,,,,,
106,5c5b57d70be57e0001fa116d,78,1,0,0.01282051282051282,0.0,10.994435897435897,1.0,,,,,,,,,,,,,,,
299,5bb8b67cf1f9ba0001412b97,79,1,0,0.012658227848101266,0.0,9.891822784810126,,,,1.0,,,,,,,,,,,,
412,5bb5c54dc9fbd80001037ca2,79,1,0,0.012658227848101266,0.0,10.297037974683544,,,,,,,,,,,,,,,1.0,
318,5c67338e7d17f800013f6176,159,2,0,0.012578616352201259,0.0,2.8838039556962025,,,,,,,,,,,,,,1.0,,1.0
333,5e73c7dbc26506000b938b4e,80,1,0,0.0125,0.0,9.849062499999999,,,,,,,1.0,,,,,,,,,
330,5df0c7b60a30c6102c0772ba,80,1,0,0.0125,0.0,8.682762499999999,,,,,,,,,,1.0,,,,,,
322,5d553d4e6416e9001aeaa8a9,80,1,0,0.0125,0.0,4.785375,,,1.0,,,,,,,,,,,,,
367,5e2a160c77d2c70762f0e32c,81,1,1,0.012345679012345678,0.012345679012345678,10.296493827160493,,,,1.0,,,,,,,,,,,,
370,5e6b7cde2691b2126162ee61,81,1,0,0.012345679012345678,0.0,9.745925925925926,,,,,1.0,,,,,,,,,,,
372,5e6b9983d4948e1491e34553,81,1,0,0.012345679012345678,0.0,4.884617283950617,,,1.0,,,,,,,,,,,,,
109,5bb202b18aba5700017f36f6,156,1,0,0.00641025641025641,0.0,5.580730769230769,,,1.0,,,,,,,,,,,,,
195,5ba4c797b5079e0001e3cb1d,53,0,1,0.0,0.018867924528301886,7.198018867924528,,,,,,,,,,,,,,,,
239,5d9dee4cd313e90016b926da,71,0,0,0.0,0.0,12.121169014084506,,,,,,,,,,,,,,,,
50,5ab84333f69e940001d8f0af,78,0,0,0.0,0.0,9.7405,,,,,,,,,,,,,,,,
142,5de4233a9d5c0f0165d7d35e,74,0,0,0.0,0.0,6.238,,,,,,,,,,,,,,,,
398,5e6f82bf18f6a753267edf1a,76,0,1,0.0,0.013157894736842105,11.338723684210526,,,,,,,,,,,,,,,,
47,5bbc603e7624280001366e60,71,0,0,0.0,0.0,25.31312676056338,,,,,,,,,,,,,,,,
248,5d4aa7d50b5bf80015ad014d,75,0,0,0.0,0.0,6.118906666666667,,,,,,,,,,,,,,,,
105,5c5b333a2b7de10001b78759,78,0,0,0.0,0.0,11.80096153846154,,,,,,,,,,,,,,,,
386,5c7017ac1e20530001e7ce63,76,0,0,0.0,0.0,10.231684210526316,,,,,,,,,,,,,,,,
242,5ad27a0793f87d00016ceb1c,71,0,0,0.0,0.0,6.24212676056338,,,,,,,,,,,,,,,,
129,5ba909c938803d00012708e0,73,0,0,0.0,0.0,9.136109589041096,,,,,,,,,,,,,,,,
396,5e6cfcacff04d62ab35783da,76,0,0,0.0,0.0,27.688565789473685,,,,,,,,,,,,,,,,
35,5a7622caf49c9a0001f2f7a8,78,0,0,0.0,0.0,7.228782051282051,,,,,,,,,,,,,,,,
388,5dcc8459bfb31a920381996e,76,0,0,0.0,0.0,13.788763157894735,,,,,,,,,,,,,,,,
389,5e6a16f0d2e99d06ad80e2a8,76,0,0,0.0,0.0,14.573421052631579,,,,,,,,,,,,,,,,
391,5e7156645b050e07277c6682,76,0,0,0.0,0.0,13.587842105263157,,,,,,,,,,,,,,,,
292,5dd55004307b8d4fab7f3ade,150,0,0,0.0,0.0,6.40726,,,,,,,,,,,,,,,,
407,5e6f7bdeb0939651c1cf1847,75,0,0,0.0,0.0,24.38268,,,,,,,,,,,,,,,,
33,5d3de459ab640c0018694a58,98,0,0,0.0,0.0,8.122081632653062,,,,,,,,,,,,,,,,
422,5c03a21540207800014af27f,75,0,1,0.0,0.013333333333333334,9.684213333333334,,,,,,,,,,,,,,,,
213,5aed0f3823e2ca0001976444,78,0,0,0.0,0.0,4.692769230769231,,,,,,,,,,,,,,,,
4,5d1e2045a37a4d001a1fc2cb,71,0,0,0.0,0.0,9.466084507042254,,,,,,,,,,,,,,,,
5,5a22e6aabf56cc00017701ef,71,0,0,0.0,0.0,5.570915492957747,,,,,,,,,,,,,,,,
158,5d8b0fb691f3e600016e6874,71,0,0,0.0,0.0,15.292521126760564,,,,,,,,,,,,,,,,
6,5c41f300b96aae0001e75848,71,0,0,0.0,0.0,16.126154929577467,,,,,,,,,,,,,,,,
8,5ceac282ca3e100016373e3c,71,0,0,0.0,0.0,10.510492957746479,,,,,,,,,,,,,,,,
433,5cf62cccc39158001940031f,72,0,0,0.0,0.0,8.250250000000001,,,,,,,,,,,,,,,,
432,5c1fcd13da51990001e15c37,72,0,0,0.0,0.0,5.114041666666667,,,,,,,,,,,,,,,,
217,5de5f4ddb77130570b894889,78,0,0,0.0,0.0,7.987653846153846,,,,,,,,,,,,,,,,
122,5de7fd8df31ad27743f8d19f,74,0,0,0.0,0.0,9.56118918918919,,,,,,,,,,,,,,,,
12,5d430e89be616d0015f784e8,71,0,0,0.0,0.0,8.678676056338029,,,,,,,,,,,,,,,,
425,5d7547a2b74545001a5a5bbb,75,0,0,0.0,0.0,15.001813333333333,,,,,,,,,,,,,,,,
424,5d5a650898cf220016ec58fe,75,0,0,0.0,0.0,18.919093333333333,,,,,,,,,,,,,,,,
423,5cdc5a76fa9e8d0001bcb934,75,0,0,0.0,0.0,11.156026666666667,,,,,,,,,,,,,,,,
115,5b2421a25b5c0900018a69aa,71,0,0,0.0,0.0,0.0,,,,,,,,,,,,,,,,
402,5c93bd73642b0c00172314eb,75,0,0,0.0,0.0,11.862733333333335,,,,,,,,,,,,,,,,
419,5e7353b6b1f71c29e03fab79,79,0,1,0.0,0.012658227848101266,6.741924050632911,,,,,,,,,,,,,,,,
226,5cfd0448bd7c73001ad17219,71,0,0,0.0,0.0,16.297633802816904,,,,,,,,,,,,,,,,
417,5cae54fbe5b99b0015a57a33,81,0,0,0.0,0.0,27.885827160493825,,,,,,,,,,,,,,,,
206,5db2d023d76f07000b00349a,78,0,0,0.0,0.0,9.402794871794871,,,,,,,,,,,,,,,,
205,5c544985be9cd80001156766,78,0,0,0.0,0.0,5.815230769230769,,,,,,,,,,,,,,,,
155,5de3dd4b7d44173ccd0e11b3,71,0,0,0.0,0.0,29.16350704225352,,,,,,,,,,,,,,,,
413,5bd87cfa153a000001f23934,79,0,0,0.0,0.0,5.9712278481012655,,,,,,,,,,,,,,,,
229,5bd50e3f9afb5b00015c6951,78,0,0,0.0,0.0,14.351948717948718,,,,,,,,,,,,,,,,
409,5e6f930a8c586155bdfffc4b,75,0,1,0.0,0.013333333333333334,7.70992,,,,,,,,,,,,,,,,
234,5c07b16bfd9c08000170882a,78,0,0,0.0,0.0,6.008820512820512,,,,,,,,,,,,,,,,
138,5aad5d5a917b3b00010d42a1,74,0,0,0.0,0.0,8.802743243243244,,,,,,,,,,,,,,,,
406,5e6803f09c599a0802cf5b2d,75,0,1,0.0,0.013333333333333334,8.3842,,,,,,,,,,,,,,,,
405,5dd7b85d428d61741ca8cf19,75,0,1,0.0,0.013333333333333334,14.654893333333332,,,,,,,,,,,,,,,,
30,5a283ba153fc4b00014150ba,71,0,0,0.0,0.0,6.208760563380282,,,,,,,,,,,,,,,,
51,5c9be64e7eead40016aebc0c,78,0,0,0.0,0.0,8.590076923076923,,,,,,,,,,,,,,,,
57,5cfa90ccd128950001311ed0,78,0,0,0.0,0.0,8.301897435897436,,,,,,,,,,,,,,,,
377,5e2f014e7d97644c8aba6b14,72,0,0,0.0,0.0,7.557347222222223,,,,,,,,,,,,,,,,
89,5c3de869b3369c0001a9264a,8,0,0,0.0,0.0,22.931875,,,,,,,,,,,,,,,,
327,5bbeb9e16322c500015ae44c,80,0,0,0.0,0.0,8.2778875,,,,,,,,,,,,,,,,
267,5c665e1948985d0001f09675,78,0,0,0.0,0.0,17.160358974358974,,,,,,,,,,,,,,,,
325,5de4467a7d441742885750dc,80,0,0,0.0,0.0,16.3537,,,,,,,,,,,,,,,,
324,5e73375c6cfd2c2803d350d6,80,0,0,0.0,0.0,16.157725,,,,,,,,,,,,,,,,
323,5d97091b1787f60011e03cdf,80,0,0,0.0,0.0,11.2809375,,,,,,,,,,,,,,,,
321,5d4b34eef76ba30018751137,80,0,0,0.0,0.0,21.443175,,,,,,,,,,,,,,,,
94,5a0feb37df3fa800015c432a,78,0,0,0.0,0.0,10.343346153846154,,,,,,,,,,,,,,,,
92,5dc9bfa40a493f6ea88d0a14,8,0,0,0.0,0.0,88.502625,,,,,,,,,,,,,,,,
317,5c3a5c079e794d000129a42d,80,0,0,0.0,0.0,8.895362500000001,,,,,,,,,,,,,,,,
91,5de93ba177443804fea65939,8,0,0,0.0,0.0,10.269,,,,,,,,,,,,,,,,
315,5e7a332d9984aa0008a7ed6f,75,0,1,0.0,0.013333333333333334,15.888173333333334,,,,,,,,,,,,,,,,
314,5e784ba802c79b3c2e227bd3,75,0,0,0.0,0.0,5.377773333333334,,,,,,,,,,,,,,,,
90,5c8250c026a0940016b265da,8,0,0,0.0,0.0,83.982125,,,,,,,,,,,,,,,,
310,5c922ee24faf8b00014ca145,75,0,0,0.0,0.0,7.4984,,,,,,,,,,,,,,,,
329,5d67fe2073cd1d001a611229,80,0,0,0.0,0.0,6.0808875,,,,,,,,,,,,,,,,
309,5c63f97a25163900017991d2,75,0,0,0.0,0.0,5.8275733333333335,,,,,,,,,,,,,,,,
308,5bd34b706546650001029bec,75,0,0,0.0,0.0,8.468746666666666,,,,,,,,,,,,,,,,
88,5c036f34efea06000188cdba,8,0,0,0.0,0.0,10.544,,,,,,,,,,,,,,,,
305,5e33cc7c4e448c394a198acc,9,0,0,0.0,0.0,21.022111111111112,,,,,,,,,,,,,,,,
282,5cd574ebf1dc7600185cc0a4,71,0,0,0.0,0.0,16.699577464788735,,,,,,,,,,,,,,,,
85,5c73e0e1df19050016a5f8ea,78,0,0,0.0,0.0,6.606141025641025,,,,,,,,,,,,,,,,
301,5c6deef7045a21000126a650,79,0,0,0.0,0.0,8.558037974683545,,,,,,,,,,,,,,,,
285,59825565a18e3c0001bac3c7,158,0,0,0.0,0.0,1433.0652784810127,,,,,,,,,,,,,,,,
287,5aecae757ed5460001574a29,150,0,0,0.0,0.0,3.0101066666666667,,,,,,,,,,,,,,,,
297,598ee5e333481c000164d32e,79,0,0,0.0,0.0,7.264113924050633,,,,,,,,,,,,,,,,
289,5b3512c6415e920001b55046,150,0,0,0.0,0.0,3.6820266666666663,,,,,,,,,,,,,,,,
83,5de2414f93203f26d66ba564,71,0,0,0.0,0.0,23.143591549295774,,,,,,,,,,,,,,,,
290,5b461982b002f50001253d0e,150,0,0,0.0,0.0,4.109413333333333,,,,,,,,,,,,,,,,
188,582c280c3b081f0001510456,71,0,0,0.0,0.0,9.95561971830986,,,,,,,,,,,,,,,,
331,5df80c0754ff235ba2adc8ec,80,0,0,0.0,0.0,9.7382375,,,,,,,,,,,,,,,,
53,5d4ab3a6cfe6e90018ad8788,156,0,0,0.0,0.0,5.57574358974359,,,,,,,,,,,,,,,,
355,5b2838e8b1cd750001498ba9,72,0,0,0.0,0.0,6.525430555555555,,,,,,,,,,,,,,,,
54,5de7cf8631229a74971a626e,78,0,0,0.0,0.0,10.601346153846153,,,,,,,,,,,,,,,,
172,56a5702281a8ca000d3e573e,30,0,0,0.0,0.0,7.4680333333333335,,,,,,,,,,,,,,,,
371,5e6b920dcf71b2148cb44a9c,81,0,1,0.0,0.012345679012345678,17.96627160493827,,,,,,,,,,,,,,,,
102,5dad7f29033d57001357a2b8,71,0,0,0.0,0.0,11.930225352112677,,,,,,,,,,,,,,,,
173,5c409b3a5daced00018bf611,30,0,0,0.0,0.0,5.438566666666667,,,,,,,,,,,,,,,,
293,5e62c473211a8305ca6411d2,150,0,0,0.0,0.0,4.957206666666667,,,,,,,,,,,,,,,,
137,5de0ce83cca54a1199017f73,73,0,0,0.0,0.0,6.919301369863013,,,,,,,,,,,,,,,,
363,56ae9348322d76000c990b51,81,0,0,0.0,0.0,16.677024691358024,,,,,,,,,,,,,,,,
61,5bce0e9e48473300014cafca,78,0,0,0.0,0.0,7.133923076923077,,,,,,,,,,,,,,,,
361,5e6c075b1689b01da3b62993,72,0,0,0.0,0.0,8.526180555555555,,,,,,,,,,,,,,,,
254,5de5a14236d82552feeaf5ee,71,0,0,0.0,0.0,26.476704225352112,,,,,,,,,,,,,,,,
177,5c91886a2535970018cdc9cb,13,0,0,0.0,0.0,333.7833076923077,,,,,,,,,,,,,,,,
357,5dd6ccc58cf2f966166c0399,72,0,0,0.0,0.0,5.392888888888889,,,,,,,,,,,,,,,,
354,597fa2d8fc90e000011c586d,72,0,0,0.0,0.0,8.084486111111111,,,,,,,,,,,,,,,,
265,5dc2ef762bdeaa2048421817,21,0,0,0.0,0.0,19.471857142857143,,,,,,,,,,,,,,,,
351,5e38196845318801d994744c,79,0,0,0.0,0.0,12.833974683544303,,,,,,,,,,,,,,,,
350,5dd7abaaaf16d3746667182c,79,0,0,0.0,0.0,9.636025316455695,,,,,,,,,,,,,,,,
348,5cb62e72ebe8a50001a9b7c8,79,0,1,0.0,0.012658227848101266,5.00693670886076,,,,,,,,,,,,,,,,
346,5c62a91524035400014b69dc,79,0,0,0.0,0.0,6.5700126582278475,,,,,,,,,,,,,,,,
343,5dcca4e1547c1f92e47d9821,80,0,0,0.0,0.0,8.7801625,,,,,,,,,,,,,,,,
180,5c506148bfe6820001309a06,77,0,0,0.0,0.0,9.666116883116883,,,,,,,,,,,,,,,,
341,5cd74735c78b7d0001f9b364,80,0,0,0.0,0.0,23.345225,,,,,,,,,,,,,,,,
70,55887149fdf99b5a49c225e3,71,0,0,0.0,0.0,17.341169014084507,,,,,,,,,,,,,,,,
339,5c542a124e2ebe0001458bf9,80,0,0,0.0,0.0,7.8794375,,,,,,,,,,,,,,,,
337,5bb7b83ab791890001f4fd90,80,0,0,0.0,0.0,7.7075249999999995,,,,,,,,,,,,,,,,
336,5ba5229ba4e9280001e6cf9c,80,0,0,0.0,0.0,7.3222875,,,,,,,,,,,,,,,,
335,5c77a478df940c0001cafd7f,8,0,0,0.0,0.0,42.514125,,,,,,,,,,,,,,,,
76,5de85bd4ead0f17d1e35930b,71,0,0,0.0,0.0,6.168295774647888,,,,,,,,,,,,,,,,
326,578f4a16dcff7d0001c7ba38,80,0,0,0.0,0.0,14.4668625,,,,,,,,,,,,,,,,
