annotations,average_time_question,contradiction_annotation_ratio,contradiction_poss_contradiction_ratio,contradictory_pairs_ratio,fail_annotation_ratio,n_annotations,n_contradictions,n_fails,n_possible_contradictions,workerid,"('implied_category', 'unusual')","('typical_of_concept', 'unusual')","('affording_activity', 'unusual')","('typical_of_property', 'unusual')","('implied_category', 'rare')","('rare', 'typical_of_concept')","('afforded_usual', 'impossible')","('impossible', 'typical_of_concept')","('implied_category', 'impossible')","('impossible', 'typical_of_property')","('affording_activity', 'rare')"
3e7a71b7-218f-468a-b190-9bde60f3fd64 e2211494-9372-4780-a250-b7e780781fa7 19e7bd17-c890-4fe4-bb08-180364cfdb04 146ba5c5-3869-40fc-b3e2-8c53ae21b81a 92e74994-1ae5-4f48-825a-b77891d1901a be2559d0-a3c3-419b-869e-6f67961590c0 7499bc69-3060-4b8c-9474-cc8493f2ac8a 21d497dc-4c02-4d96-b8ed-1a95c736b4c7 b7e8a65d-5825-4bf1-8571-44c38f4715d3 0dfe1278-0ced-4a1b-bb02-e01a95ec0b07 e0456236-afd0-467c-a06e-96ae8a15e3cd 0e7d624a-b1a3-46ad-a636-4f03ece554cc 1717e97f-d55f-452d-9559-0a0b3caa3b85 4735b503-e572-4ee3-b252-ba00b4979f3d 7611a5a4-d330-4a6d-a76d-9b13bf0ed6c2 a7864f43-36c6-438c-bdb1-beab5abe24d0 bb7aaaf1-3a8a-4b8f-80ce-76b2c8270539 66809a9d-7ede-4b90-95a6-157612ff0743 2bfb3bc7-44fe-422a-aa0e-970d2e0a6350 ecf0dce4-5257-4e52-afbf-4dbf5e8017f6 90493b78-78e8-4262-abb1-7cdeb5b1b4fc 25bc4a94-0eff-4455-8d86-c7544bea366f ac245f5a-3471-49db-ba81-8836772b6c95 032b5e2b-637e-4085-89bc-2ae08a994758 28c892b6-8888-4893-a3f8-2129851ae1ec a51c13aa-5c54-4e18-acdd-35b103bc7283 aa0947c1-6aac-4a45-9810-ca77d351a236 af0a6dc5-19e3-44dd-b068-0dbdf1318842 3ab678fe-ca35-46e8-b265-3d35dcc84398 e9430874-f500-4f17-bf98-84de6e00b2fc cf13e5cb-7d87-4e17-9521-304f73103af5 3b34c33f-5fc9-4d80-a2ca-6d7b3027c743 37214c1a-8529-4328-a46f-da67c121fa66 ada42c54-5b60-4ecf-b4fa-4aca699739af cfd33bb4-be62-4454-b4ad-f24eeedaa524 07981128-2084-480e-ad1b-9fa4af622ee6 ae740705-1751-4a29-9044-49d9ba3d3fe3 ffe6095b-0a37-47d6-9de7-390a25ddaafc d91966d2-b2dc-4e09-8bd8-1d75e26aa980 b10dc61e-90e2-4777-8354-fd5f1ad086d4 5ce13572-5947-440b-ba23-a5852a30bbee 2c4749f1-6d9a-483d-a54e-2f62d46f2d79 d2a66d21-f681-46ef-801a-fc2096b76ccb 3da4405e-06c9-47e7-ba7b-fe40058742c1 30c02239-f5b3-4971-91a7-7a6867bd9777 dcb13c42-a0c5-4a17-93fd-5c5fa775cb52 4dac1b44-3d8e-4d08-b55e-79d0472cd6e1 2fc89876-5dc9-4d12-b080-6747318c0678 fcd71b65-27be-40c9-b75d-784ee671c8d7 52745b1b-8086-41fb-8af9-642c0a7d707b 0898fe6a-2a91-4721-89d8-04b1d2337f15 e4047a1d-ca1d-4cee-ba1b-f65fb7b4ebad 7aa21a91-1a6b-43f5-834d-ccbf9f9c32f8 298830c8-05bd-47f0-94b3-8e85383bc0f4 803576d4-f262-4662-a08b-aace76323d34 cc8e6da4-8e29-40d8-940f-3ca5a5565d75 d9c2be28-c892-49f8-a3e0-bc5dbdf4783b 50608639-5344-4740-a48f-8f8fb7b93c5a adf2ef7d-4853-45c9-a3eb-b6f514ef78bf 9070d0f1-9c1a-4b6b-8b86-0459a35268d6 6e9fa8cc-f077-49e5-b776-c40cd674b05b c6060d3a-7067-494e-8810-6c0042b247cc f51e68b3-546c-4fd1-a5be-3c9013e6ba25 e88ac18c-d2cb-49b4-b16a-eac1c353e58e a921217a-98ad-4dc9-9c6e-a8db4bc46054 acaccc29-99fb-473d-9d75-02fc1763e64d 4c5cdd32-a202-43dd-b01e-802597c82b86 272d6025-f064-465f-b154-26219d6b404f 24b83c0a-49c5-444e-9178-92df1e59af68 65841db5-091a-4d56-b6f5-89fb4eba7a84 ac936b23-19fb-46be-8fd5-30f29c057d04 ca96b3e3-aac6-4fe2-b878-534330014ecb 6d9bb2d3-e370-4963-84f4-52dc7986807a b49197ba-7207-44dd-8285-eac20e72d391,9.699216216216216,0.0945945945945946,0.08974358974358974,0.2,0.0,74,7,0,78,5bd056f9263e0a00016d20d3,0.02564102564102564,0.02564102564102564,0.02564102564102564,0.01282051282051282,,,,,,,
482902d0-f53c-4654-a019-3444345c9bb0 77472cc3-d835-4b46-aa9a-4d46f1ba3c7b 60bc44b5-26b6-4166-b81c-1e23503cabf4 2f725d9f-c488-48e0-b768-dfc4409e2bca 57638fc7-2fb2-4e54-b257-fbcac940b171 9fc4831b-4dfa-4c95-a61b-3ce05c8987aa 63f5494c-1725-4b1f-976f-657f548cd0c0 38c4b76c-55c9-4f96-9c25-88a3767c4f30 b54b8d28-9ea8-416c-9e77-20622846de87 30d2ae40-a34b-4767-b54c-b5bed6e93f52 e58bd7c5-d504-4044-be48-e706b76d769f debb4853-2846-4ef5-8620-bf007953739d 76c8c837-0c63-4a3a-be93-f1839e030305 fc00821e-7079-4bfc-bbcd-24f61b00aed5 9569061a-0a13-4a13-bcfc-797c27f0bc65 f7c1ba79-c539-4f52-b446-126043d3c054 3b21c127-83a2-4fc6-b104-5975c1c4eae6 142af252-0bc4-43cc-975b-3bf489f4a4a8 59b92ea9-7154-4c8a-ad81-993ecdfc7cc2 70628a8a-4f7b-431f-aff6-624318332c46 ca94ee68-7ea2-4cce-967c-54034ebc2e3f 6251b365-9869-44f1-8c0f-c0b602f233f2 3e3021ca-9fb6-4871-bbb7-bae81deb2d89 9529d308-d98e-42b9-92de-2663a098cb26 fcb6573b-0ff3-403a-b4c6-1c7ca8bc7b34 9074624c-b6a6-4a89-b8d0-8791750de48b 24d02438-4217-4c45-8201-035cd969df7e b299f5f8-41f3-4960-8e34-3e2112280cc2 ba31d5ef-c63c-4390-bc30-3706305b227f 272509c4-1f6d-4181-a272-354bdbf943c3 6bbb84dc-c994-4704-a009-9aec3704622d 16a0efd2-5822-4106-afbd-ed5c12aa3358 402a0c2c-a7c2-43ef-9ab5-6ece5b4c87d5 0d15a4bc-dbcb-4080-adeb-9c02c8f1cfbf fd5791bb-2e49-49bc-b410-068e02062936 0418d7fe-f7a8-445d-bab3-82172dcbdd75 a9587e94-d52c-4aaa-a09b-d64951f850f1 962d3f2e-3b4e-4f8f-a92e-bdc95586d3b6 4852b0bf-77e2-4b58-9cc4-aaeb6eb3a6b8 b271e5e6-1fb5-4031-b341-daa09878dd96 b0dc2fe1-0c6b-4ace-b163-256d579514df 11d51807-b8b3-44fe-a144-2637ce3bb762 95195cce-8055-476a-a869-d67fd64496b1 bfcfee91-123e-469f-a610-42fecfcd600e 5cd90bb7-9374-4686-9dde-373c9b31e88d aa660d17-90c6-4fec-9eba-7b15e09ac255 853f8091-72c1-413b-9562-5b38fd419d94 4d8ed5f4-d01f-4c2c-b8f8-6f1cd2dc65b2 f9721c98-908d-4be0-b0cb-4a0ff22717d7 2a766c67-39a1-44e4-8753-70ee4b1327bc c5a34e51-9844-4cda-94d3-1cc1ac40a99f 0e7d066c-8976-4ae0-9c38-81eafb8f93c0 d6fad018-6b3f-40d6-8b0d-8d6a3629bf0c 1a455f5b-38a6-4278-a358-ce9bef4a8061 58f7f2a4-c6b2-42e0-abb2-f0d447f5b26b 125ad828-19c3-485f-a795-69bc971daf25 d905c776-089c-4cbd-b197-69698bc1fcb7 ec8a1f0e-c7e7-4747-8677-9d5d2608594f 344abeb7-28f1-4e5b-b6b3-d8dfdc188758 84cd3f71-dc5b-4811-a673-d5acd74e76da fe2c4b75-1407-4b73-a29d-cb171f5312a6 4d055a32-7ada-44c7-8531-b3933bfcd126 1c5d7d47-43fe-4a07-be2d-3d0cc9f54e4e 2661414c-03dc-4a55-9e7e-c9c06caba39d 7059fb61-d4c4-4cc8-973b-4931a639b3a8 f9ee0bda-0b6f-40a4-bcde-18c8204c4772 9a8758ca-34e4-423e-a323-8ebce1e367fb 757cec99-b075-48d5-bb28-85f6c25060dd ced55027-417a-4ff7-8327-eb71a2665f81 f47de73d-2468-480a-bb62-f4e1d6e78d12 ee90fa05-61e8-4cdd-89e6-f5180ac59263 f9a1d428-3f6f-4f47-a27a-04e402caba2e aa900f47-32c7-47ce-9d32-1b1cb298d8e8 f328239a-b945-43e8-9e7f-990492659bfb,6.27527027027027,0.08108108108108109,0.07692307692307693,0.2,0.0,74,6,0,78,5e0794f3deea2b109ab09ddb,,,0.01282051282051282,,,,0.01282051282051282,0.01282051282051282,0.01282051282051282,0.01282051282051282,0.01282051282051282
e92dd90c-146d-4b38-9bf9-4c8ee9e514e1 a7c391ea-b9e4-4f05-8ec1-b62e4dbf098b f31c91ef-314c-4b11-b578-f3631a78d224 d0be047a-1e97-4017-9f44-582ea5459941 2cd8b05d-f37e-44e9-a86e-6fde698bed51 d7480829-4d85-44f7-8458-6791b7b46692 195820fb-36c1-4d21-878a-6468c847aeb8 e15578db-c367-48ec-b071-a8ec22781057 4a222552-1052-444f-b569-84d688423e1e 8a4914e4-a38a-4565-89b2-ccaf61706853 3a87a6b9-7210-46e7-888b-495b3c1ee397 d87b7d00-abd3-4255-a059-102c520b337b 2862c801-2584-4e06-ad07-97f052c5bc01 0f41cc6e-0aa1-4928-9a36-1ae1e01d64c0 9b4401b6-005a-49e2-a20a-9fc7ef909083 433b3bcc-0dab-4688-b929-846946ad838d 45e51ac2-839b-4ec1-ac87-d9ec52e8ce4d 4f3d1677-c33d-4b27-8f3d-ac1cb325325e 220a0641-a774-4dc1-ba21-00af3fcd0c68 b6ebff47-850d-4584-b865-1bf8206e7f66 3910dc8b-1e76-4459-8315-c93e7d3cf8a4 f9ad30a1-856b-4f31-a0ab-9f4686296ab7 f6d2a551-02a8-4e71-aaf4-2f6a650e8e9e fcf2de96-932a-4c8e-992f-82527a26ccd8 05b8c3f6-72ad-487f-9b61-b0e74b5d9c9d 8f063850-6f21-4934-a600-1d969b16a428 ecb1c726-e96c-463f-b478-8106c0becb1c 01100240-ac15-4cea-9c26-8f46f2d473ec 24781dda-d358-4748-998c-e00856ff060a b72a21e1-d1ec-4695-a7c2-65c2645c40f5 74f2f276-1841-410f-83f5-423ac84a791a f60ed553-627c-4ef9-b622-0fdbf28c8201 6337426e-d3be-4fd8-aa73-6a3aa48942e1 bb8f4d38-43dc-4cae-8c95-ad7c17666005 c83a139a-1551-4d22-975d-5ada14ccf02e ca7511df-ee73-4166-9cab-bd08eaaf28ca 728fba29-d1f1-40eb-9719-5cd12e29fd6b a3d3faa1-2426-4510-8a2d-cedb805edaa3 171481a0-919d-4a44-b183-e95e0fdc24ea a0f8522b-07c3-4503-8cdf-504d9cb7c7e5 b32acee3-c5ef-428c-bce9-5e3b41c4929f 43eb1d4c-df66-4630-b771-aa4c556a9c6c 86db9f18-c626-44c9-a183-ea43f88e690a 15412664-f1c6-4767-8e20-a78e2439d94b 7b30f52b-d42c-4e28-adba-f13caafd0797 228d0a4c-e6cf-4871-b94d-8b8ef0719d4e 25dad78b-8af1-4c24-8b46-132460ffa9ef 51e71845-79f3-4549-bdea-fe284faa7d76 46bd0363-a8cf-4114-85e7-f25e2d477a42 61c7ca40-f189-4955-845b-3ead0e9e5373 6d419187-4300-4c7a-955b-8deaad107fc9 b075636d-16da-4ee6-b822-fc02e40a49b1 fd4a19ec-50df-4157-be06-f6cb3c7afc57 69e29e41-98ad-4a63-86fb-3e43cc1c03de d76a03c2-a4c2-4469-be43-1b23e2ef6a85 4323d164-29b1-4fd5-b731-2d639e531134 88711e54-03db-46a7-ad6a-7bccbb4f769e 52aa172a-f61d-4e45-9b4c-16ee664a02f2 a150df39-f1ad-4ae4-b41e-29e693f8f1fe cd875a3c-50d9-4608-97a5-a4e405487f35 74055ee5-63f8-43af-a4af-f3b9c2af228b c6de9da3-8d57-4607-be0e-503752e25808 2fe0dd0a-2c85-4142-8f61-b64e9eb0e3d3 085a72e8-b677-4e73-a1f6-03e6d3b3e6df 36ddba04-2c01-4e31-bc0c-fe1ffe015f2c 2f6a4170-dc45-4f4b-b490-2a555462192a 3f337a25-056f-4f9b-b4b6-5473e3e94dce 8468128a-b257-4836-8fee-1d6a74108b50 a114e4a9-3e77-44c6-b8a2-d8b08fd5443d 719a0810-0727-4f9f-8e54-2aa76d153491 77da6027-acca-432f-8b0c-060c29927a08 b074390b-7db8-40f9-9286-28a2cd756304 1bddba05-bc50-4afb-9b97-424b0f553a3c acdc5d2b-0801-4fc3-9cc9-e9064cd34d22,6.017472972972973,0.05405405405405406,0.05128205128205128,0.1,0.0,74,4,0,78,5bd8822d1d0fed00018dcbfc,0.01282051282051282,0.01282051282051282,,,0.01282051282051282,0.01282051282051282,,,,,
615868f9-0b5c-467b-9d7b-3c8b36e5666e 09431795-fac8-45aa-8ba5-6db39f33e725 3cda92a7-230e-4068-a6f3-09c963f1001b 492a60d1-d064-4753-8492-b2ed23f63897 0139e795-0d52-4fe9-8774-fc205c8c6182 b94a1f5e-1a30-4311-9fe5-3021be1f2c65 7fdaf66a-e458-4bfc-96b3-0607bca4e8ac 15abd861-1a64-445c-a38e-eb85c0aaa9ed a6533c06-1526-49d1-b817-db0eca91ee4d d4218a42-4af4-4683-a55e-6533db1b6d7b cad32243-9858-49f3-b3a4-2f07c4897032 75780cc3-eecc-4b6f-aa0d-0ddff8f77490 6eb17636-ac93-4cec-a504-686481f7ff76 f5a21e18-2c23-4a55-b6d1-ecadbacbb683 9886a89c-82c5-41e7-8f03-c048d924ce97 342d5675-17e5-4889-a9c2-f85b3541c815 0dfc79fd-7fe3-48b5-b1e1-55906221761a b2ded48e-c52a-441f-8c29-b11c4f4f93b2 5992c6ef-388b-4eb9-807a-4b17fc253317 7ef66b95-15ef-4bcc-98e4-a2eefa6a87d8 c1b6841f-7f2e-41f5-97d5-2216a615ff85 7a7cce59-2ea5-4ff0-86d5-c35f915a929c 6e396bfb-7bb5-4dd8-b77d-6806fa4c61df ad93ced8-4438-4614-a8c3-329a69b6715a 712ce733-8750-4e13-94e2-55340ba21859 937f7b97-028e-4a24-847a-4929a88c798b 7d4cc618-f50b-4713-b9cf-5bb4cdce1263 587970fc-6148-441b-87ea-7b14cb979ba2 2ef7945c-fe9a-4f0a-a92a-0f757bead299 31d50d5a-dc58-4ac0-b572-c29d7ea9cd17 93a14f68-d399-42fd-a3cd-f0ea60e77109 dfd055d0-6f10-4e04-8447-27fdc09985a0 ee7b6242-1674-4fde-b8f7-ebcba72118c3 5ae67e53-bce8-4e0f-a144-25d0ed378400 54a45918-4303-482c-a011-24b967312fcd 62e251a3-e6d5-4491-a30f-3d6f88baddb3 290eeb3d-2728-46b5-9a8e-bd7c7450d638 3812632b-4b02-473f-a27d-77f51d09ba3d ad969c8d-245c-4507-93b4-b4b393689687 6a9aaf2c-5e5d-4951-b5d2-d37a23c1f5e2 5f2ad193-586f-4ec4-b91e-75140e292cff 5f62e7d6-5be6-4ce6-9ebd-10950854fa4b ba198518-d88d-4452-aa23-f48b142a599f c39fe45e-e56f-4c70-a144-5a6dd57a44d1 4addb069-f455-47bd-88ee-5e1cad8254b5 46c315d5-9797-4e0e-8d32-bc6770fa2648 37b68171-8255-44f8-aca0-0e2d5e7401ae cdd64c76-be8c-4c3b-ae5f-f1972fd59253 dd1e8b92-9345-461b-88fa-0a1d2140673f 9c08e281-48fd-4c67-b5ee-aab81d3bafcd dd093523-cc37-41a0-9abb-0f8696c2bc8b 9fd6d824-71c7-4b5d-b85a-57328d7f3e07 0ce31f74-34f9-457f-bcd4-46acccdddf00 31257014-18d7-476d-9129-fed4ea267d7e c441c257-897b-434e-936f-aa02fd926cfd 75b9c60e-4421-49bf-9e6c-2cedc9e22dad cf5e25cd-fb7b-46b2-88d1-a92ab59c759b 447a785e-406d-426b-8d96-0db10462996f 75ac40ff-eacd-4553-8090-1e33f3abc580 8d9a4266-e537-4ed1-8aa4-f26f8a973f16 dec1433b-a2c2-4b3d-ac00-5f6e545d4130 917a7ba1-8826-4382-941d-5336573c9985 15ff18d0-d7fc-4b31-97f2-7a2cb6dc6a43 01089d1e-6b65-4fb4-b73b-e6fd1c19453f 73989a49-6151-4e9d-8101-3a67c6ee4458 dcee2b9c-1dea-4ec6-8bc9-2f3f8851dca7 9acebd9c-edaa-480f-8034-15c1f0962b72 395b9ed8-731e-4ca6-897f-9345dd96c0ef ad7e8f02-05db-49c8-ad52-246ee8033b78 c681c63d-b937-4da9-90f3-9588528926c5 9c16ae03-c61f-45bf-a0d6-ab5b39e031bb fe28d8d3-a9a1-46d2-af3c-e7c0f59be3c7 9c192dd4-70d6-4da8-95d6-d1e0ada1b757 5545e856-b882-4852-b0bd-21f14437dbdd,12.643527027027027,0.02702702702702703,0.02564102564102564,0.1,0.0,74,2,0,78,5dd329ea83e30933d49ae7d4,,0.01282051282051282,,,,0.01282051282051282,,,,,
f88ebab3-dd68-4ab9-b270-1df6d7da0725 c9a0f2e2-c656-4004-a31f-af6fae21339d a8b99945-4ddd-443e-b3b0-13aa0b4581fc 6db7fe2c-3aaf-4689-8572-24a0787befbe 31cdc4bf-a5b0-4073-942c-3fba656e799a 199bca87-266c-4789-8f9e-cce0606defca c80c79e6-cade-49c4-a0cf-ae9ecf2a9d0e 16e07dee-8792-4ec8-8dd6-b1b777a845aa acae757f-06b5-4fde-8038-a57d723d1fe7 751cfc33-d2ec-4292-8d3b-5b4788f01885 eaa6506c-fd70-4fbb-b6be-d995176fc5e8 a6b75b47-6cfd-444e-8f8d-0d114dcccdf4 73baac16-5618-447c-8e90-0f7eefad3c04 2f8874fb-2019-4f30-8312-dca1fd148bda 8cb49275-0446-417c-a9d7-7e202533ac78 622b96cd-a3ae-4352-8e83-d77bbc7b81c2 bdf04502-b66d-4e5e-83f7-711216f5f62a e2da0d9d-8962-4664-843d-38e07887c408 11ac8dfa-78d6-435b-bca8-39353347cfec 52bd4354-f6d0-49aa-9fe5-8289785dc23e 57acecfb-0fbc-4098-9227-fab457e28194 4865466a-e55b-47da-8e95-6c858e84a60e fbc7209c-1406-4a81-a980-791aa67b71ff 04b4155d-0c51-4879-9e72-1c05fc427cee f584d9ca-0339-4283-a87a-6818797f2ece 87154340-462f-4d49-9192-4df12436e6b5 b593c918-6915-4596-9136-1803dcb68386 8393bd29-9aa6-42e6-92ea-8cc852272baf 621f2b10-9366-4290-b101-a61254e4bd71 1ded0d64-3fea-42d6-90a2-faa7924a8ddb d3bea581-7a73-41ff-a944-fb426d8949bc a54bec18-a992-457f-b7da-85b31f85e98c 1e1e20dc-d506-4a0f-a9d0-c5871bdafb8c 363fc061-7338-4390-94ee-c3645df009be 01eed69c-d634-4e3c-b6b9-1511d7bab751 108abe75-01cd-4780-aa68-13806a269faf 65260667-6173-4614-839b-c2b1bda18bf0 2bb95fa9-25ff-49da-a702-01a94ea75e55 ac67e762-56bf-4ff4-8562-13736a1a4299 12890f38-89f3-4ad2-8e4e-d097cd937a43 bc0c63fa-903a-45c8-94f1-759ebd8560af 7704f198-6885-436d-94f4-90d4f1593238 44516457-2c8e-4d9d-81fa-87ac5f75877a f7e9ff2f-1d02-4efc-8769-a8b5d5b38f5e 5323cb7a-18a5-4795-869e-d8e7dac9462a 02259c05-c5e6-4ab7-8bde-96add1bd1c94 da04d543-62df-4103-9ec0-eaf2fd264d7c 2cfb047e-d693-4f34-ab0a-5aeaeab48180 1ae706a1-b6ef-4d5c-af05-7de6e08ae707 c3fa6aaa-dcba-4095-a76c-35e3e3000551 bb5006de-d8de-44cc-ae53-f9358b57d16f a065f804-03eb-43e7-ad45-fb8778ecf4a0 88089130-416b-4496-a25e-ff12d64b5fff f615f450-8483-4d4b-8e51-5663738fd9ae e273f382-83fc-4478-81c8-4e321a5cfdd7 45aa8c2a-b206-4b65-acfb-79ee1826b25b 8ee3c802-bdda-4f21-b0fa-881486c029ae f7dda478-bc1b-46de-9ded-960628708d4c 639eef7c-080b-4d60-bf13-97fc641b4030 d4008331-f0a6-495b-a848-d04040ac99f8 acc1d3fd-0491-47b5-a721-1b3aa4cdf5a7 b1ac96c7-cb67-4bbb-af72-20ed657a052b 5ad02563-ada2-4e92-92ce-6a921f97f06d 23c04035-bbfb-4798-ac73-e0bbf49987b1 7c2bfa5b-8597-472d-b78f-a2d56c1f4d9d 1e2226b8-9477-4321-87e0-6680dd01e222 92745033-3a87-4cdc-b795-5517c4990669 5f1c3489-9ad0-4668-8345-ba1bab18978e 07865c31-f6ae-43ff-8ba2-2b2923c3e323 761895cb-87de-4fe1-bb93-217fa0e9f8e5 4dfeb384-5a05-4d73-bd37-c1606bd463a9 dc501d08-16bb-4985-97bb-ecde1a077eb5 4bb9cbbc-07c3-42d8-bff6-981caffa0ec6 1174f963-c6aa-4328-afec-dee217266c23,4.962445945945946,0.0,0.0,0.0,0.0,74,0,0,78,5ba909c938803d00012708e0,,,,,,,,,,,
f3dc3dd0-c50e-4823-b188-5d531d52cb8b 69ba2ab4-31f5-447c-9a94-6401707280c6 fa274d1a-1f50-4d1a-b733-7b5c7752f499 b2434f19-b068-4b2e-bea2-84e49eae8843 c92a1840-9772-4115-8f1c-016d727e4f2a e41252ca-400a-43b5-91b3-4a88e89f8fcb ea9ff113-ea37-47bf-9c96-3e77ebf53d33 57d38629-2530-4957-965c-9ab15ecb5269 370f4622-2479-494d-820c-21c280755d3d f2c0ad5f-d574-4b13-b00d-fbb5d61d6bc4 d45e3e27-5344-4cd8-916f-9fdc06e71f32 3092369f-04f9-4645-9309-960c42d3d529 bc2bc21d-9a40-4842-ae86-972cf7b95179 5cb2a0be-90ef-4ceb-b029-7ef428f77635 03123c7f-8195-4198-bd38-02e4cd01c2b0 cc7f5498-29ce-428e-9b87-d95b5c85b805 13a02f79-282c-4faa-9656-0da4224a7669 daeecc52-cdc4-4e69-aca7-1aa2fc9d0426 33f2ed4c-de9f-4bb9-8a7d-a9712eb08911 45f01fb8-d55b-4d29-a7d2-e811f0061c97 fb1111f0-b675-4165-9d52-b3d58362e196 b6412a2a-20d9-47c7-8963-28fa1c1d9c2b 236021a7-f0ee-40cc-b3b0-01769034823c d2471f5e-1bbe-400f-9af1-755ebc907317 98707ac0-a667-4e76-b237-6053a2ca21d1 04da4c30-b20e-4c6d-9049-f56df2c9d981 624dddf9-6b13-48ee-9e53-d960cee99c72 949f603f-d491-444f-87d7-4d45141f4844 38a11f1c-62c9-4f6c-bca3-d4f60f6cc8b6 a0ab367d-9944-45a0-bf20-d620ec173fd9 c9064d23-cd6b-48c2-be83-6a24a2fb6ed1 4c7ae21e-0e1c-4e60-b742-b2227059913f 5782dae4-99f0-4a8e-b6f9-e5c62a0ca400 883dfeb6-e981-4096-bab6-68abc7375df0 b8b99a86-8ee8-492c-8779-96c40c62c64b c4e63608-cfe1-44d8-99c0-8213f0b48c7c 945bc06e-2f9d-48a0-89c7-28b317dce263 4008f1a4-16cd-48fd-bffb-d6245a65b048 5e3d3cc6-223b-413c-8bd4-2bc378cf210b f394779d-5ed3-4791-a50d-a8299f9345c3 e5d9fb65-d903-421f-b695-09077783f35c 4d86ca47-becd-4175-9556-ea7d97666821 38be7e69-e186-434a-a2da-999fd272d1e9 f4c609fd-6b2b-41d2-93b2-f7a1211a5cc6 af1bd31c-cbec-4a03-a5e4-92a6d4c7e420 4101f2fb-ab3d-4238-a85a-9e0643207ec7 c470c70a-557c-4b34-8b62-d586fcefca94 d6cafd8c-b754-4cb9-a265-aeda6b620d59 e8d01534-f66c-4a71-9457-211f34d3db9a 30c73f89-28db-4e8b-8a55-401d7571f046 17c6a29e-f233-432e-997a-acdd80ee9270 f61e81c7-e7e9-4e4e-89d6-7334e5e0a90a c5999fb7-86e2-4581-b675-0efd3944a13b edc244d9-22e5-482c-bb25-b1769e8b8887 1ae756bb-bfb9-4bd4-9580-1afc96ab4fce 22ad6739-18e4-49ad-b8ba-f7d6b9cdb5d6 aa886d73-1011-4b07-831c-cce00b36bceb d931f845-6670-4988-8af8-5c898824d568 8b07f0a4-5164-4c28-931d-d422758c3041 e0891198-7475-4058-8dc7-347a3ea1df41 b4ba5b97-c203-43e0-9645-f8daf831b7f0 3c382e2d-6b91-43ce-b84b-7d1331cbfbfd 99b3910f-ab88-4c8e-b4fc-bda75e3d4e25 ddde7d49-036e-436d-916e-76999440789c b8069d14-f485-4c6d-993e-3d6c71f99ea8 f6829311-8cfe-47a0-9e8d-6303a9068c46 a64068a0-eab8-4be9-b576-70d59d4797eb 6ecd8ed3-715c-4555-9cda-e877df143fa8 4c182cb5-08bc-44d8-980f-e15925ab2e25 631fde6d-76ad-49a9-a2fa-563d73219c5c 313bd778-09d5-4aff-8d79-fc7c4b540c80 85423461-da84-43a7-914b-c7a55f8017d8 930dbfe0-a909-46f7-9b14-d6890307443c a20fb0ed-a7b3-47a9-9011-0c99f307aad3,4.876648648648649,0.0,0.0,0.0,0.0,74,0,0,78,5bb7b83ab791890001f4fd90,,,,,,,,,,,
d29e7269-477e-4fea-993f-a758b8e3dd79 3ab89aad-c29f-43d0-b24b-a6402b5b520d 9a3b02f3-dff7-4a2a-8ce5-b2a938703601 4eaed594-71d4-4b10-b77d-1da63d1a932a d3b8a2a4-c136-4cd2-b17e-1561df8c1664 7a3e52ee-696b-4e8e-95f7-b9c7d5c608a7 ba7b925d-c671-4c09-98d9-4d9e9b999f2f c2877a83-8511-4c7e-9cf6-0a516fe0382b debcff75-3082-4fbe-b200-376c44ac90f9 f1d94f4d-5472-4103-8e5e-130415bb10b0 ec7d018e-1818-45d8-9a73-cd2c925f33ff 7a1b2fa4-ff51-471c-8c07-fbdb94d20b87 5a10e3ca-da46-4a1b-a58e-c214c05d5bd6 0717243c-4605-4391-a5ab-85a96ec2d425 07e586bd-8372-4dce-95b6-16d4396c308d 6658d01b-a2e9-4bb3-8c35-3a0f7e0d32eb 3ac2e156-fc91-43d5-ae4c-9952a22a544f c3b8d3fe-7091-42ad-8c0d-fa8653a404fd a8865d44-c940-49d1-9643-5a2543f39255 96212bf5-a4f3-48c4-a10f-031c901d30cc 957f3a7e-59c1-4fe6-8e96-a293b0d2b033 6873fe8e-d85c-4137-8708-da463b3058c1 e4f1b75b-4e2f-4642-9a3b-8ff3402e9094 a6ad5abd-6532-492c-bca7-a16c468770dd 6173df7f-4b18-4677-8cbb-ac678f86aeee f1d043e6-8504-4422-9ea0-2051a2b8c16b 26624dc9-7465-4dbe-87ab-7452726fe9f8 d58bedac-31dd-4438-95da-2c4a8ddd04ac ac803672-165f-4fc6-a799-2bb3c24bf8b5 22b1c60f-c2f4-4d01-bb50-6e1fac8a6c18 6ae58844-ae13-46fb-90b9-e5518f3fbdc4 96fc08bd-8f46-4452-aed7-cdeeed98553f 93be8fba-a54c-4c81-b938-2af2b69812a5 7cb07827-fe8e-4e87-8b44-51f327c1f323 af9db8dd-3fbe-4d6c-a737-8a99a20a8deb 843a8c4c-ed0b-4294-b230-a582ba779920 0d5faf96-c64c-4d16-b5e8-4ab451caad26 ed5d869a-2d79-4c4d-9967-a04b425d7b2f d3058579-f5f5-47c4-8829-0abd2ddceb7a 1ed113c7-6343-4c8a-9fab-31879930c66d adbed61e-52a3-4e49-a8c0-b72dd5af4da9 7b307bfc-1e0f-40ac-8601-74ad5e88701b e77d6d4a-4f75-4474-a1b2-d0e4eb5c3c94 d3599b1a-69f4-4620-8f5d-3340de3af984 ac2fca98-f28c-4c06-8bc4-6d90c11ac2a4 b5454b4c-a476-4aa7-abbb-499303263f34 10ffd6f5-9397-4f74-83a6-a5a69e69fc8d b8b4edd5-f734-495c-b02c-4961dbfb9106 e4dd87fc-9ca3-46cf-9023-a2a923ab4fc1 ea3643b4-1364-4a9a-8912-ddc2cea62654 d868bd90-9ffa-4d75-b2a5-c9259edbd9ee 0868e78d-64a5-498e-9194-8e7b2a94552d 4d68a3db-3be6-4737-b166-1bdd9b131258 3d7575de-6802-4193-89ff-b0305fa87f71 6f221be8-2e13-47a2-8c7a-097ec410ffaa 7429b7d0-09c5-470d-abf8-02408e887295 b14ee297-daeb-45cb-8d78-41e6b76cee4a d3f478b9-5680-45d4-8c37-05c012f7657b bae516f0-c9d1-4767-b9e1-9d7760e5582e db3406ae-2674-45b7-aed3-7ac54a2ce35b c1307845-7418-400e-9d69-e55dcba696bc df742b91-c9b6-4c77-b940-78b13c77828f 8a5ed867-220e-4511-96e8-7a910478d43f a8a60340-35da-405b-ab8a-5641856fcb60 5dd91409-f03b-4065-a16d-fe25a4321c31 5ba8dfa8-ed0a-449e-ba02-b3f05561b776 5da7b52f-3e33-486d-b726-0b55708a64c0 6f225839-a009-44d5-b185-5d86e7d46956 30906355-2990-45ba-956e-0e7662a869b4 04fbc27e-2353-47e4-8e9b-6ed27ad171c2 69558287-c984-4da1-b953-dcd0225e2e4e b8dfc097-22f9-42fa-a986-baaa683e8a4d 70656928-90a5-47b5-ae6a-737dbbe1d304 18b2fe1b-73ac-4902-b854-d7666b3c105d,6.884175675675675,0.0,0.0,0.0,0.0,74,0,0,78,5cd74735c78b7d0001f9b364,,,,,,,,,,,
c6f873d2-ab4a-4c8f-95a5-3ff52f7f63ce 45f5117a-5a63-4e28-a01e-2acd61740386 32dd0102-5118-4b6a-8f42-43f0ee52bfa3 00a3957e-1f2e-4dd8-af5c-1c1472440cb5 475b3ea2-d441-4ef9-93d6-b2659e1c717e 4d0e29ca-cbea-401c-bcd3-5cc343fc20ec 55727217-aec2-4e22-8861-371a8f62904b 8219f369-73be-4a82-bd45-f2deb064f06d c1e3101a-3541-4a06-b42a-3e58e3bbed3c 10038691-c0b0-4ae6-b344-1a623e9c87c8 7188a02b-69bd-49f9-b341-334aaf74e9b0 997f0068-c21b-4b7f-b107-94d8ea9613c1 07f5c0f1-f94b-4d53-a5fe-586e40af4547 ce196d95-44b0-449a-a540-b15cff4ecd18 9d576ad2-595c-4511-a293-e2c4a40e3502 ca416b22-1fdb-4c84-b981-b5030ac57aa5 a51fe515-5742-4522-a099-d115aa50bd67 657fb5c8-00ce-443b-875d-cd5cf50cd30e c8443af4-d608-4b72-a519-29b99cce790f 2eb6a3ef-7420-4137-b189-1948cc077059 3403a2a8-e60e-4ec1-8494-21f4b12e8c5f ae1ab949-424d-45a9-b632-983eeed31ee7 e26341d5-363e-49be-bee9-8b2e4d115d29 2e8897e5-fb7b-41d6-b200-f3a2e9944e3e 828aef8c-4389-44f8-8349-a14309f79efe 821f1fe0-9eaa-49c4-bc24-1b77163f2221 cfb817a4-c1c0-4c87-a862-a12142163c34 fefd02b0-9bba-4a79-a9f2-00033b3c7165 01c32e22-f23f-445f-a79b-fcca0960899b 9d45ec3a-0818-441a-ae91-5455a4c5c3af 3cfb9787-177d-4147-b496-62f6f4e9bfc9 92bd4a55-4717-49d3-97b0-c3c967e5d4ff c53cc1ce-0f48-43c0-b99c-9352ab2508c8 18f7291a-8e24-4cee-b942-80acffe540f3 44146bf2-dfd3-4357-b60e-3f4c3a9a52dc 4ddf8a16-1843-494a-86eb-42993fc69266 ecc2e110-5ac0-4413-9acf-5161d4f483f5 ffe78f9b-a5eb-4866-b9f1-7a28f8580040 175c3409-ca6e-427f-91de-f48af8e9a68c 34e48b45-d635-4265-b734-0d045438234d ccac3421-a4e9-43af-b33a-a3af909ec38e 61f1738e-cd22-442d-b7b6-a0017dd3acb1 a0af5852-a6e3-4498-a838-c77a78b7a9de 5212baaa-f32d-41cb-818c-32cfafe91208 f727e521-b321-4de8-acb1-479a9646957a be6d1906-2db9-4e30-835e-83dbfef23464 5f8ff0b1-67c7-4658-96ae-2a7d4af8c667 b647b08c-5409-45da-a342-4a6dffe78e09 c21ad118-d036-48f5-aea5-5166238a6265 da39d601-0043-419f-bfcf-4c1f721003db f72e34af-5a3c-412b-95dc-07dee35745e4 085db3d5-7712-417e-89dd-d0420b62e245 332ac80e-0092-4074-ba3e-b3134389970a 51c46e3b-25f6-43f0-9d4d-05b5b5d516be fe9ba4da-d912-47f8-b66f-4eb8cf10e934 0a9694d5-3ac7-4160-bec0-ad1aedaa5787 085f967d-6352-4825-816e-578f7a7fc839 a1eb92ff-802e-4b16-b1aa-5e8b25a66b4c 226d4ced-9052-4b70-89a5-f29e0d031396 0c14f951-cba6-42c1-a7f6-ce08688f2d3e c65e1230-9786-42e2-9fc4-f8d8e66e680f 87f6a19e-5c6f-439e-a059-29326f3cf1cc 05da77c0-2939-4586-a533-0d1f5bcc2a97 6dc4358a-0dd6-4847-8a92-13723cf1616d aaae4da3-5f6f-4990-b528-049cd22c7955 1db67331-9f49-44bb-a4c8-968924e2c344 3794ada0-3ad3-4d46-9d54-5f307d33ac9e 939ba793-0af5-4790-a0c7-9cdce7034bc6 9fe5c060-094d-4edd-8392-10cb316a26f2 516845b5-b401-41b6-aa1c-49f115298756 ed9eb93b-bf26-4eda-83b3-c027a1927b48 5c79169b-f13b-4f20-8af4-e5aeb0d407e0 75f0f447-4f0c-4cf2-90cb-fbacfe9f17f3 6d7f3664-222e-442e-9b92-9920beee00ca,11.972986486486485,0.0,0.0,0.0,0.0,74,0,0,78,5d6aeb25a6a4220015010bd6,,,,,,,,,,,
cf28898e-723c-4265-bbd5-65a9df855e75 6e3a66b8-5987-4021-9601-9399f63f4dba fcebcaa5-f77f-49eb-947e-940f10a17ac1 b286c399-a4a1-49f0-8b0e-5fa68da2a359 841cef98-413f-4b84-857a-f84e88ef8d07 ac085863-2fe7-4134-85c7-56f57d3719e9 9c2bc42e-6fa9-4c6f-a801-69773ddf90ce ff87a4fe-6687-4a6e-b258-0aa20db4d4cb 20881433-6f51-4348-a795-d3d7190f493b 8c4669bf-652e-4e91-86b2-5e314cebfcf0 b3679a15-c828-4072-ac79-1603781b9284 31428c97-cf17-4d4d-ad70-86f69142c377 cf03e18a-d9f1-4de4-bfb6-7369886de2cf 4f94d510-ac84-499b-ad4d-ffe6ea277c44 8c541c43-ec0c-40dc-b9d1-018ede29e461 05015ab6-90e3-4663-ba83-a97e235bd63d 182843b0-823c-4ab2-b0a2-e28c3993ed11 c4028dfc-4aeb-4871-9d48-d867e72ef89d ccbf2eb0-b455-46e2-9371-ec09a21ac7e2 3db7a577-1917-4a06-913c-1f050c1eb7d9 a627a0c1-390c-4f16-8097-cf53e22106ff 79dbbfc9-fa3d-4775-bc28-1502b11b4afd 87bd8536-121d-42ae-8726-937844ad3d24 4383dbd7-e038-40ae-8fac-955bb61c969c 4db7d972-5e54-40b7-9509-9cdc5eb6fd2f 3e5d07b0-b559-4ee5-bf54-fc1a3a4074df 97d00ac9-417d-49dc-a9fc-f63531b6f291 ad9b99d2-4d91-4096-b499-dec9eb366e30 67044ff3-5e66-4091-b09d-ddff847d1f60 f75950cf-42b2-4e46-be86-fd0f9f8dce89 639161a0-3a0b-4200-86b3-6b041541bad7 8554fe5c-7755-4611-b912-31c95ec210da c9019e1f-1975-4301-abfb-7c13c3d8dfac db630cbc-381e-4963-8e9d-a689d419cc88 7baf38b8-a08f-48e6-b982-dead76694daa 25dc8895-1f06-464b-b344-17d159da3374 45a4b72c-5a96-484c-91b4-d71cdc1d6e07 100a739e-8fc5-47c7-96b1-d94e51ace919 86a5466a-bbb4-4bc9-acfe-19f24db284fb 5528d197-69af-4944-a88c-20a5e7045ed5 0e4edc9b-9e30-4ed7-9288-d9bef82057d1 ed1bb337-b690-4475-9ff8-f43f8a74b08b 28f49077-ec6a-446d-8f3d-abbc2933261e 7fa15b41-b26e-4055-b0df-a06ef62cb429 a74f9f23-f79b-42a8-a8cb-24675bef1a06 58b5d1f5-6f3e-4da0-9dee-ab3c203ed4ec fff86919-7510-48d7-8863-a3956e5004bf 41185124-a249-47b2-b96b-39ffe59eca54 5ebac90d-6a49-42a2-afd4-708dee849d46 cce5ce18-d307-4b5c-a310-8191fef2c3ce 5c5b551a-3251-44d2-8981-b14cc8cc5513 8e438172-b5c2-4b13-bbce-cfe520b82805 152041a4-e9d8-4cea-bd7f-5707a01ee3e2 68ca65d0-7720-42c2-bbe5-e8b8a4d8674f 5ae71212-0a3f-484b-985d-2a1f7fb471c4 d4fd0e18-9e20-4295-acbd-50d6ad604526 bccadd56-c9dc-44fe-8d56-640ea385bdcd 11bee58c-1102-4ce5-8684-7b66ed85c7d9 f2992a0b-d6ad-4773-ba45-784afba541ba 2a9c938a-c46b-45c3-b492-7886d548eedd 656028fe-64fb-4d42-8f83-0cffdb70de49 150a1f8d-e806-492c-a99e-0ff1d4334f95 ef6123bf-8f2a-47b8-83dc-267145d6306a d5fb83e6-9125-4522-9d23-021e136ad12a 479cf4bf-29df-42bc-b871-ced33353c36a 1b7a4167-f4ef-46c0-903b-b399e9516600 4d490840-85b7-401e-828d-1dee33951e8a 3baeb6ef-9c63-4fb8-b156-ff63a94f960a fcae8b2c-0afb-41e6-858f-49cf0812fb8e 58faa1ec-387e-4b62-a4b7-692e6e78564a 9d6310cf-b038-4a05-802b-3a3c87e1618f 12f77d1e-1f6a-455b-b1ff-5dc683c968d9 a7a075dc-13ab-4846-8200-2212f032a8ad 9ea035c1-1f98-4971-8271-5529a5afa03f,14.362405405405406,0.0,0.0,0.0,0.0,74,0,0,78,5e5987efb5420118cfd1cf6e,,,,,,,,,,,
654480ea-5b34-439e-adee-03c5ccf3ef78 ef99da57-f6e5-4352-9f9d-4e614aa943b4 669f09c0-60e3-4111-a332-644e3142194c c21a07a8-2ea5-4c8c-b98b-c955d95200d8 2e8cfab7-9ce2-47e2-9924-217cbf5a95d4 e470d4e6-6bdc-4a85-9fa2-3335ffb3afcc 65a77558-916f-4c1a-958b-e401d4a3695b a36004d0-8df9-4293-a43f-c54c1f6721f3 a26dffb4-cb1c-4631-9711-c8cdf7965ad5 513b7061-3c7e-4460-90fa-82fc80345dc8 da53aa1e-f291-40ef-82f2-88e6fa72a1fc 4974bdaa-3ba6-41b6-8a86-0450ffeadabf 73d61f9f-fdfe-4319-89b9-4fbd26c3b333 ee65d962-a6dd-4b1f-b22e-0d396105a554 dfc57141-239d-4191-823e-7ddb969880db d2db3221-26ed-43ba-8b05-1a50c07b0219 333341c9-c722-475f-bb14-2a2407b95b40 7cb6728a-a88b-4e7e-ba14-18f93a7f8ef3 d8d2379e-2237-4c75-a70a-c4f4063eefb8 27233a29-fb30-4886-8acf-3199212d3c16 c8708e10-90ed-412d-9372-fc3711c2c6ae 461bf67a-cafe-4d58-8416-efb4be95aa6e f68453e7-7aac-4631-903a-e829947b2cca 80ade4e6-b0ea-48be-b928-43e0c84b08a8 69ad9489-ea3d-4c06-ae54-928efa9544dc 175b7bb7-213c-47c4-b4a0-bb82ae963fa7 77a9c825-2116-43f0-8c88-1e88944af2d0 c038b05f-dfca-4a0f-8f91-e8fd3ee854e0 7e57ddf2-9f11-4634-a392-e236184c5d95 0ab62875-323b-41fb-9810-fc89186a587e 80902f80-328b-4141-ae99-94be22359524 1d4c13f6-6b6a-4a86-ba11-96200fea7471 8911dc04-4963-4582-97bd-d5eeefe24bfc 0e9eee15-c4de-42e6-9fcf-fa22551aa100 1602184c-4c25-42d1-9ceb-568a340e97b8 e1e2eafe-1a76-49f5-9879-65548fda216f 6b9f3131-12df-4055-8317-3de07af3bc6d bf4857d3-7bdf-4328-a633-2077369a697d ca48cbe0-edd3-4034-8631-d53e09c2a29e 327d1170-b7fc-4da4-8863-8a03bac714de ee53ea0f-e45a-40f5-844c-d8b579316018 b4cb4315-ab5e-4b27-8d9b-01be18f9a33b a9022a33-48f8-4395-a1ea-c60c61eb4a09 322038bb-29b9-46af-a4b4-a5af399347cc 01b0c8aa-05b0-432d-893e-b76833413ecd 09d451bd-d11c-4278-a4d6-bf0c3bd73b3b 4df84c2c-cdcf-4048-971f-37028bbff14d 603b3387-b58f-4709-9409-d0a6403a8a29 619c86c5-db52-44e5-bd33-0b206f8ae257 bf406203-745f-40e0-9a0e-571b9a609ee3 3368f4a9-0a4b-44bc-99f6-b7895abbe593 2f61cfa6-ff16-4d09-8d97-150e9e9aa387 405c28f4-f679-4415-9b0c-2b0d4c088700 31c0b7a6-45c1-4a4f-9917-c48a492270ff 86eb819e-0e34-475b-966c-e4cb0d7b7862 1530a489-5550-4dfe-bbb4-f06a6f662533 b40f6fd7-e624-4d3e-be41-8acff587be44 16512b47-0cc2-42b2-b78b-a734d87e953d b5529d87-e66b-47cd-ae7e-bae78ea92f27 2a51a8e7-3c85-4ec3-82d2-7ac8bb9b896c 6a50f8f3-2310-4ae7-940d-bcf384b09644 82f4e867-3c8f-47ae-bef6-174300f6b186 b0a8768a-1f56-4735-aad4-3c986aa16960 0af7cbea-f7cc-4332-993a-b1a021e14dec b84244c9-a7dd-476a-9d5f-c28813aeec7f 9e87274d-4164-4844-8254-1da244e08de7 2b3add1c-d31f-45b8-b331-a927e22d6967 93bf0337-7759-4307-8e46-9eeec426d5eb e53df3c9-3e34-4ae7-a2e4-f79a05649dbb 6c7782f3-d830-4ffc-978e-a0e960a76304 44558f78-75b5-4c8d-92a4-d227f10598c8 153ead1a-9f9d-45b6-a195-13afa9c000c4 252955eb-393a-4ef1-9d5a-c30735b80b3a 23a06819-ec90-4db5-8ec2-38d4c895a0cc,18.96081081081081,0.0,0.0,0.0,0.0,74,0,0,78,5e6500c3819b9d279c050de2,,,,,,,,,,,
